,Username,Note,Hotel_Name
29,TheWorldTravelerDUS,4.0,"The Westin Tokyo, Meguro, Japon"
30,TheWorldTravelerDUS,4.0,"Sheraton Grand Hiroshima Hotel, Hiroshima, Japon"
31,TheWorldTravelerDUS,4.0,"The St. Regis Osaka, Chuo, Japon"
49,rjyu,4.0,"The Lake View Toya Nonokaze Resort, Toyako-cho, Japon"
51,rjyu,4.0,"Ibis Styles Sapporo, Sapporo, Japon"
111,Charlotteh1977,5.0,"Nagoya Marriott Associa Hotel, Nagoya, Japon"
123,cutiedoggy13,3.0,"Konansou, Fujikawaguchiko-machi, Japon"
124,cutiedoggy13,4.0,"Hotel Sunroute Plaza Shinjuku, Yoyogi, Japon"
125,cutiedoggy13,4.0,"Narita Tobu Hotel Airport, Narita, Japon"
154,angielmo,4.0,"Ibis Styles Kyoto Station, Kyoto, Japon"
158,angielmo,3.0,"Toyoko Inn Tokyo Eki Yaesu Kitaguchi, Yaesu, Japon"
243,26hectord,5.0,"The Strings by InterContinental Tokyo, Minato, Japon"
244,26hectord,4.0,"Hotel Nikko Osaka, Chuo, Japon"
260,ThomasTravelFun,3.0,"Sheraton Miyako Hotel Osaka, Osaka, Japon"
261,ThomasTravelFun,4.0,"Daiwa Roynet Hotel Kyoto Shijo Karasuma, Kyoto, Japon"
264,ThomasTravelFun,3.0,"Daiwa Roynet Hotel Osaka Uehonmachi, Osaka, Japon"
265,ThomasTravelFun,3.0,"Hotel New Hankyu Osaka, Osaka, Japon"
316,mk72759,5.0,"Andaz Tokyo Toranomon Hills, Toranomon, Japon"
361,MesaPuyo,5.0,"Conrad Tokyo, Minato, Japon"
382,triptik123,5.0,"Hotel Granvia Kyoto, Kyoto, Japon"
383,triptik123,5.0,"Hotel Century Southern Tower, Yoyogi, Japon"
384,triptik123,4.0,"Hotel Ryumeikan Tokyo, Yaesu, Japon"
433,cr1557,3.0,"Citadines Central Shinjuku Tokyo, Kabukicho, Japon"
435,Kerra64,5.0,"ANA Crowne Plaza Hiroshima, Hiroshima, Japon"
436,Kerra64,4.0,"Holiday Inn Osaka Namba, Chuo, Japon"
437,Kerra64,5.0,"Tokyo Disneyland Hotel, Maihama, Japon"
438,Kerra64,5.0,"Hotel Sunroute Plaza Shinjuku, Yoyogi, Japon"
439,Kerra64,5.0,"Hotel Granvia Kyoto, Kyoto, Japon"
468,Tink1987,5.0,"Sheraton Grande Tokyo Bay Hotel, Maihama, Japon"
469,Tink1987,5.0,"The Royal Park Hotel Tokyo Haneda, Ota, Japon"
470,Tink1987,5.0,"Hilton Tokyo, Nishishinjuku, Japon"
471,Tink1987,5.0,"Hotel New Otani Osaka, Chuo, Japon"
480,jadeblade49,5.0,"Tokyu Stay Ikebukuro, Toshima, Japon"
519,Sarah53187,2.0,"Sarasa Hotel Namba, Osaka, Japon"
522,benlimisella,4.0,"Citadines Shinjuku Tokyo, Shinjuku, Japon"
525,benlimisella,5.0,"Kinnotake Sengokuhara, Hakone-machi, Japon"
526,benlimisella,5.0,"Yuzuya Ryokan, Kyoto, Japon"
527,benlimisella,4.0,"Shibuya Granbell hotel, Shibuya, Japon"
547,Annie0608,5.0,"Courtyard by Marriott Shin-Osaka Station, Osaka, Japon"
549,Annie0608,5.0,"Shinagawa Prince Hotel, Takanawa, Japon"
577,Lillymungkorn,5.0,"The Yokohama Bay Hotel Tokyu, Minatomirai, Japon"
578,Lillymungkorn,5.0,"Solaria nishitetsu hotel Ginza, Ginza, Japon"
579,Lillymungkorn,5.0,"Oakwood Premier Tokyo, Marunouchi, Japon"
602,harbourchan,5.0,"Hyatt Regency Naha, Okinawa, Naha, Japon"
651,13Astroboy,4.0,"Hotel Weisser Hof Happei, Hakuba-mura, Japon"
652,13Astroboy,4.0,"Keio Plaza Hotel Tokyo, Nishishinjuku, Japon"
678,kaioatey,5.0,"Hotel Monterey Grasmere Osaka, Osaka, Japon"
704,Mish_H50,4.0,"Donkairo, Ako, Japon"
705,Mish_H50,3.0,"Hotel Yoshino, Ito, Japon"
706,Mish_H50,4.0,"Kurofune Hotel, Shimoda, Japon"
707,Mish_H50,5.0,"Hoshino Resorts KAI Kawaji, Nikko, Japon"
708,Mish_H50,4.0,"Mitsui Garden Hotel Otemachi, Chiyoda, Japon"
741,A5738WRfrankb,4.0,"Jinya, Hadano, Japon"
742,A5738WRfrankb,4.0,"Hilton Tokyo, Nishishinjuku, Japon"
769,HongKong1234,5.0,"Hotel Bleston Court, Karuizawa-machi, Japon"
903,Mrcrossiant,3.0,"The Royal Park Hotel Iconic Tokyo Shiodome, Minato, Japon"
904,Mrcrossiant,4.0,"Hotel New Otani Garden Tower, Chiyoda, Japon"
905,Mrcrossiant,4.0,"Sheraton Okinawa Sunmarina Resort, Onna-son, Japon"
924,Tink1987,5.0,"Sheraton Grande Tokyo Bay Hotel, Maihama, Japon"
925,Tink1987,5.0,"The Royal Park Hotel Tokyo Haneda, Ota, Japon"
926,Tink1987,5.0,"Hilton Tokyo, Nishishinjuku, Japon"
927,Tink1987,5.0,"Hotel New Otani Osaka, Chuo, Japon"
932,JSeng,5.0,"Vessel Inn Sakae Ekimae, Naka, Japon"
933,JSeng,5.0,"Hotel Kikori, Hida, Japon"
952,espengc,5.0,"Citadines Central Shinjuku Tokyo, Kabukicho, Japon"
998,Mayaaaaa,3.0,"Hotel Sunroute New Sapporo, Sapporo, Japon"
1000,Mayaaaaa,4.0,"Dormy Inn Osaka Tanimachi, Chuo, Japon"
1008,Mayaaaaa,4.0,"Super Hotel Aomori, Aomori, Japon"
1009,Mayaaaaa,5.0,"Hanamaki Onsen Hotel Hanamaki, Hanamaki, Japon"
1024,kyle710,5.0,"JR Inn Sapporo South, Sapporo, Japon"
1028,kyle710,4.0,"Estinate Hotel, Naha, Japon"
1029,kyle710,5.0,"Nishitetsu Hotel Croom Hakata, Hakataekimae, Japon"
1030,kyle710,4.0,"Mitsui Garden Hotel Sapporo, Sapporo, Japon"
1102,gabrielk954,4.0,"Citadines Central Shinjuku Tokyo, Kabukicho, Japon"
1110,Rawsilver,5.0,"Sapporo Excel Hotel Tokyu, Sapporo, Japon"
1111,Rawsilver,4.0,"Hotel Yumoto Noboribetsu, Noboribetsu, Japon"
1112,Rawsilver,4.0,"Imagine Hotel & Resort Hakodate, Hakodaté, Japon"
1113,Rawsilver,4.0,"Toya Kanko Hotel, Toyako-cho, Japon"
1124,685andreasv,4.0,"Konansou, Fujikawaguchiko-machi, Japon"
1125,685andreasv,4.0,"Hyatt Regency Kyoto, Kyoto, Japon"
1126,685andreasv,3.0,"Nakahara Bessou, Kagoshima, Japon"
1127,685andreasv,3.0,"Richmond Hotel Kumamoto Shinshigai, Kumamoto, Japon"
1187,L8227EYkens,4.0,"Courtyard by Marriott Osaka Honmachi, Chuo, Japon"
1188,L8227EYkens,3.0,"Iwaso, Hatsukaichi, Japon"
1189,L8227EYkens,5.0,"Monjusou SHOUROTEI, Miyazu, Japon"
1190,L8227EYkens,5.0,"Kinosaki Onsen Nishimuraya Honkan, Toyooka, Japon"
1191,L8227EYkens,4.0,"Hotel Granvia Osaka, Osaka, Japon"
1196,L8227EYkens,5.0,"Ryokan Ugenta, Kyoto, Japon"
1199,13Astroboy,4.0,"Hotel Weisser Hof Happei, Hakuba-mura, Japon"
1200,13Astroboy,4.0,"Keio Plaza Hotel Tokyo, Nishishinjuku, Japon"
1221,teoweme,3.0,"The Royal Park Hotel Tokyo Haneda, Ota, Japon"
1222,teoweme,4.0,"New Otani Inn Sapporo, Sapporo, Japon"
1223,teoweme,4.0,"Shibuya Granbell hotel, Shibuya, Japon"
1224,teoweme,4.0,"Keio Plaza Hotel Sapporo, Sapporo, Japon"
1225,teoweme,4.0,"Jozankei View Hotel, Sapporo, Japon"
1235,ccfchew_23,4.0,"Hotel Vischio Osaka by Granvia, Osaka, Japon"
1251,Cylindergal,4.0,"Nono Namba, Nippombashi, Japon"
1262,andrewtC7769MU,5.0,"Mr.Kinjo Miyako Island, Miyakojima, Japon"
1265,patounetbello,4.0,"Daiwa Roynet Hotel Kyoto Ekimae, Kyoto, Japon"
1266,patounetbello,4.0,"Hotel Obana, Nara, Japon"
1267,patounetbello,5.0,"Cross Hotel Kyoto, Kyoto, Japon"
1268,patounetbello,1.0,"Ise Pearl Pier Hotel, Ise, Japon"
1305,extr3me_84,3.0,"ANA Crowne Plaza Kobe, Kobé, Japon"
1306,extr3me_84,2.0,"Toyoko Inn Tokyo Asakusa Senzoku Tsukuba Express, Taito, Japon"
1314,Milocc,5.0,"Cerulean Tower Tokyu Hotel, Shibuya, Japon"
1315,Milocc,4.0,"Hotel Ryumeikan Tokyo, Yaesu, Japon"
1361,FinT77,4.0,"Hotel Okura Fukuoka, Hakata, Japon"
1362,FinT77,5.0,"Hotel Okura JR Huis Ten Bosch, Sasebo, Japon"
1363,FinT77,4.0,"Hotel Forza Nagasaki, Nagasaki, Japon"
1364,FinT77,5.0,"Yufuin Hanayoshi, Yufu, Japon"
1365,FinT77,5.0,"Bettei Soan, Minamiaso-mura, Japon"
1366,FinT77,4.0,"ANA Crowne Plaza Kumamoto New Sky, Kumamoto, Japon"
1367,FinT77,4.0,"Solaria Nishitetsu hotel Kagoshima, Kagoshima, Japon"
1382,Stephan1954,5.0,"ANA Crowne Plaza Fukuoka, Hakataekimae, Japon"
1450,333lovetotravel888,4.0,"Hotel Sunroute Plaza Shinjuku, Yoyogi, Japon"
1451,333lovetotravel888,4.0,"Fuji Ginkei, Fujikawaguchiko-machi, Japon"
1511,AnuvatC,5.0,"APA Hotel Kyoto Ekihigashi, Kyoto, Japon"
1512,AnuvatC,5.0,"Takayama Ouan, Takayama, Japon"
1545,kirstine2013,3.0,"Hotel Wing International Shin-Osaka, Osaka, Japon"
1553,falconut,4.0,"Hotel Sunroute Plaza Shinjuku, Yoyogi, Japon"
1570,denniessiongco,4.0,"Namba Oriental Hotel, Sennichimae, Japon"
1593,TokyoVisitor,5.0,"The Gate Hotel Tokyo by Hulic, Yurakucho, Japon"
1637,DAVE_and_ADRIENNE,5.0,"Courtyard by Marriott Shin-Osaka Station, Osaka, Japon"
1638,DAVE_and_ADRIENNE,5.0,"Hotel Ichii, Kusatsu-machi, Japon"
1639,DAVE_and_ADRIENNE,4.0,"Hotel Grobal View Niigata, Niigata, Japon"
1640,DAVE_and_ADRIENNE,5.0,"Hotel Metropolitan Akita, Akita, Japon"
1641,DAVE_and_ADRIENNE,4.0,"Shingu Central Hotel, Shingu, Japon"
1642,DAVE_and_ADRIENNE,5.0,"Sheraton Grande Tokyo Bay Hotel, Maihama, Japon"
1687,sanyALGER,4.0,"HOTEL MYSTAYS Fukuoka Tennjin Minami, Chuo, Japon"
1703,Marshaici,4.0,"Hotel Sunroute Plaza Shinjuku, Yoyogi, Japon"
1735,Southcityca,4.0,"Best Western Plus Hotel Fino Chitose, Chitose, Japon"
1751,i0kan,3.0,"Matsumoto Hotel Kagetsu, Matsumoto, Japon"
1752,i0kan,4.0,"Dormy Inn Kofu, Kofu, Japon"
1774,extr3me_84,3.0,"ANA Crowne Plaza Kobe, Kobé, Japon"
1775,extr3me_84,2.0,"Toyoko Inn Tokyo Asakusa Senzoku Tsukuba Express, Taito, Japon"
1802,Jaqen,5.0,"Hyatt Regency Osaka, Osaka, Japon"
1803,Jaqen,4.0,"Hotel Resol Sapporo Nakajima Koen, Sapporo, Japon"
1804,Jaqen,4.0,"Royal Park Hotel, Chuo, Japon"
1827,CallumLondon,4.0,"APA Hotel Shinjuku Gyoemmae, Shinjuku, Japon"
1849,janetg2013,5.0,"Hyatt Regency Tokyo, Nishishinjuku, Japon"
1864,Richards_remarks,5.0,"Benesse House, Naoshima, Japon"
1870,omsab,5.0,"Mercure Tokyo Ginza, Ginza, Japon"
1871,omsab,4.0,"Holiday Inn Osaka Namba, Chuo, Japon"
1878,g0yg,4.0,"ANA InterContinental Tokyo, Akasaka, Japon"
1879,g0yg,4.0,"The Royal Park Hotel Kyoto Sanjo, Kyoto, Japon"
1895,Liteh,5.0,"Citadines Shinjuku Tokyo, Shinjuku, Japon"
1908,Scottr1984,5.0,"Citadines Central Shinjuku Tokyo, Kabukicho, Japon"
1909,Scottr1984,5.0,"Hotel Sunroute Plaza Shinjuku, Yoyogi, Japon"
1910,Scottr1984,4.0,"Karuizawa Prince Hotel West, Karuizawa-machi, Japon"
1952,JapanPhotoGuide,4.0,"Hotel The Celestine Tokyo Shiba, Minato, Japon"
1953,JapanPhotoGuide,5.0,"Kurayado Iroha, Hatsukaichi, Japon"
1954,JapanPhotoGuide,5.0,"ANA Crowne Plaza Okayama, Okayama, Japon"
1955,JapanPhotoGuide,4.0,"Hyatt Regency Tokyo, Nishishinjuku, Japon"
1956,JapanPhotoGuide,5.0,"Hotel Trusty Kanazawa Korinbou, Kanazawa, Japon"
1957,JapanPhotoGuide,5.0,"Andaz Tokyo Toranomon Hills, Toranomon, Japon"
1958,JapanPhotoGuide,4.0,"The Strings by InterContinental Tokyo, Minato, Japon"
1959,JapanPhotoGuide,3.0,"Musashi, Shirahama-cho, Japon"
1960,JapanPhotoGuide,4.0,"Hotel & Resorts WAKAYAMA-KUSHIMOTO, Kushimoto-cho, Japon"
1961,JapanPhotoGuide,4.0,"Hotel MyStays Kyoto Shijo, Kyoto, Japon"
1962,JapanPhotoGuide,4.0,"Kitakobushi Shiretoko Hotel & Resort, Shari-cho, Japon"
1963,JapanPhotoGuide,3.0,"Sounkyo Choyotei, Kamikawa-cho, Japon"
1964,JapanPhotoGuide,4.0,"Yumiharinooka Hotel, Sasebo, Japon"
1965,JapanPhotoGuide,4.0,"Hotel & Resorts SAGA-KARATSU, Karatsu, Japon"
1966,JapanPhotoGuide,4.0,"Hotel JAL City Haneda Tokyo, Ota, Japon"
1998,Joy85,5.0,"Tokyu Stay Kyoto Shin-Kyogoku-Dori, Kyoto, Japon"
1999,Joy85,5.0,"Hiyori Hotel Osaka Namba, Osaka, Japon"
2001,Joy85,5.0,"Naha Tokyu REI Hotel, Naha, Japon"
2030,801ChrisJ,4.0,"Millennium Mitsui Garden Hotel Tokyo, Ginza, Japon"
2032,801ChrisJ,4.0,"Mercure Tokyo Ginza, Ginza, Japon"
2037,hippodreams,5.0,"Hotel Granvia Kyoto, Kyoto, Japon"
2043,hippodreams,4.0,"Hotel Sunroute Plaza Shinjuku, Yoyogi, Japon"
2046,hippodreams,5.0,"Hotel Granvia Kyoto, Kyoto, Japon"
2047,hippodreams,4.0,"Hotel Granvia Hiroshima, Hiroshima, Japon"
2048,hippodreams,5.0,"Hilton Osaka, Osaka, Japon"
2049,hippodreams,4.0,"Highland Resort Hotel & Spa, Fujiyoshida, Japon"
2050,hippodreams,4.0,"Narita Tobu Hotel Airport, Narita, Japon"
2071,michaelc679,4.0,"Hotel Sakaeya, Rausu-cho, Japon"
2072,michaelc679,5.0,"Hickory Wind, Tsurui-mura, Japon"
2073,michaelc679,4.0,"Citadines Namba Osaka, Osaka, Japon"
2078,papachongo74,4.0,"Hotel Kyoto Eminence, Kyoto, Japon"
2079,papachongo74,4.0,"Dormy Inn Wakkanai, Wakkanai, Japon"
2080,papachongo74,4.0,"Estinate Hotel, Naha, Japon"
2082,papachongo74,3.0,"Toyoko Inn Kofu-eki Minami-guchi No.1, Kofu, Japon"
2083,papachongo74,4.0,"Pension Lavender, Furano, Japon"
2084,papachongo74,4.0,"Hotel Relief Sapporo Susukino, Sapporo, Japon"
2085,papachongo74,3.0,"Sendai Kokusai Hotel, Sendai, Japon"
2086,papachongo74,4.0,"Richmond Hotel Utsunomiya Ekimae, Utsunomiya, Japon"
2087,papachongo74,3.0,"Kurayoshi City Hotel, Kurayoshi, Japon"
2088,papachongo74,4.0,"Hotel Bellmare, Maizuru, Japon"
2089,papachongo74,3.0,"Hotel New Station, Matsumoto, Japon"
2090,papachongo74,1.0,"Hotel Nagano Avenue, Nagano, Japon"
2091,papachongo74,3.0,"Hotel Tetora, Hakodaté, Japon"
2092,papachongo74,3.0,"Super Hotel Yamagataeki Nishiguchi Hot Spring, Yamagata, Japon"
2093,papachongo74,4.0,"Hotel Elcient Kyoto, Kyoto, Japon"
2094,papachongo74,3.0,"Hotel Piazza Biwako, Otsu, Japon"
2102,chungkk,4.0,"JR Inn Sapporo South, Sapporo, Japon"
2104,chungkk,4.0,"Kinnotake Tonosawa, Hakone-machi, Japon"
2105,chungkk,4.0,"Citadines Shinjuku Tokyo, Shinjuku, Japon"
2106,chungkk,4.0,"Mitsui Garden Hotel Kyobashi, Chuo, Japon"
2121,Tablepourdeux,4.0,"The Westin Osaka, Osaka, Japon"
2122,Tablepourdeux,5.0,"Hotel Century Southern Tower, Yoyogi, Japon"
2123,Tablepourdeux,5.0,"The Thousand Kyoto, Kyoto, Japon"
2128,GoTravelLife,5.0,"Conrad Tokyo, Minato, Japon"
2144,EMcCScotland,4.0,"Hotel Sunroute Plaza Shinjuku, Yoyogi, Japon"
2145,EMcCScotland,4.0,"Citadines Karasuma-Gojo Kyoto, Kyoto, Japon"
2161,BajanFan,5.0,"Hotel Century Southern Tower, Yoyogi, Japon"
2162,BajanFan,5.0,"ANA Crowne Plaza Kyoto, Kyoto, Japon"
2216,W00Boo,2.0,"Kazumi, Toba, Japon"
2217,W00Boo,4.0,"Shinzansou, Takayama, Japon"
2218,W00Boo,4.0,"Hida Hotel Plaza, Takayama, Japon"
2219,W00Boo,5.0,"Asanoya, Shinonsen-cho, Japon"
2220,W00Boo,4.0,"Kamiobo, Kobé, Japon"
2221,W00Boo,5.0,"Yamaguchi Grand Hotel, Yamaguchi, Japon"
2225,W00Boo,1.0,"Hotel Juraku, Chiyoda, Japon"
2226,W00Boo,4.0,"Hotel Rose Garden Shinjuku, Nishishinjuku, Japon"
2237,Keithfrs,5.0,"Miyajima Grand Hotel Arimoto, Hatsukaichi, Japon"
2238,Keithfrs,5.0,"Hotel Brighton City Osaka Kitahama, Chuo, Japon"
2239,Keithfrs,3.0,"Hotel Consort Shin-Osaka, Osaka, Japon"
2240,Keithfrs,5.0,"Ours Inn Hankyu, Shinagawa, Japon"
2282,Carrie_travelaround,5.0,"The Strings by InterContinental Tokyo, Minato, Japon"
2304,Wolfgang_FFM,3.0,"Sheraton Miyako Hotel Tokyo, Shirokanedai, Japon"
2305,Wolfgang_FFM,4.0,"Tokyo Marriott Hotel, Shinagawa, Japon"
2309,wandererc2014,4.0,"Hotel Metropolitan Saitama-Shintoshin, Saitama, Japon"
2310,wandererc2014,4.0,"Sotetsu Grand Fresa Osaka-Namba, Nippombashi, Japon"
2311,wandererc2014,4.0,"Mitsui Garden Hotel Okayama, Okayama, Japon"
2313,wandererc2014,4.0,"Hotel East 21 Tokyo, Koto, Japon"
2314,wandererc2014,2.0,"Hotel Century Southern Tower, Yoyogi, Japon"
2315,wandererc2014,4.0,"ibis Tokyo Shinjuku, Nishishinjuku, Japon"
2316,wandererc2014,4.0,"Osaka Marriott Miyako Hotel, Osaka, Japon"
2321,clco,4.0,"Shinagawa Prince Hotel, Takanawa, Japon"
2333,Deac83,4.0,"Hyatt Regency Tokyo, Nishishinjuku, Japon"
2334,Deac83,5.0,"The Westin Osaka, Osaka, Japon"
2462,espengc,5.0,"Citadines Central Shinjuku Tokyo, Kabukicho, Japon"
2471,cbed90,5.0,"Hilton Tokyo, Nishishinjuku, Japon"
2483,LoyaltyLobby,2.0,"ANA Intercontinental Ishigaki Resort, Ishigaki-jima, Japon"
2484,LoyaltyLobby,3.0,"Hyatt Centric Kanazawa, Kanazawa, Japon"
2485,LoyaltyLobby,4.0,"Hyatt House Kanazawa, Kanazawa, Japon"
2486,LoyaltyLobby,2.0,"Hyatt Regency Hakone Resort and Spa, Hakone-machi, Japon"
2487,LoyaltyLobby,2.0,"ANA InterContinental Beppu Resort & Spa, Beppu, Japon"
2488,LoyaltyLobby,2.0,"Crowne Plaza ANA Nagasaki Gloverhill, Nagasaki, Japon"
2489,LoyaltyLobby,4.0,"Sheraton Grand Hiroshima Hotel, Hiroshima, Japon"
2490,LoyaltyLobby,4.0,"Hyatt Regency Naha, Okinawa, Naha, Japon"
2491,LoyaltyLobby,4.0,"Park Hyatt Niseko Hanazono, Niseko-cho, Japon"
2492,LoyaltyLobby,3.0,"Hilton Fukuoka Sea Hawk, Chuo, Japon"
2515,plume28,4.0,"The Royal Park Hotel Kyoto Sanjo, Kyoto, Japon"
2516,plume28,4.0,"Kurashiki Royal Art Hotel, Kurashiki, Japon"
2517,plume28,4.0,"Jr Hotel Clement Takamatsu, Takamatsu, Japon"
2518,plume28,3.0,"ANA Crowne Plaza Hiroshima, Hiroshima, Japon"
2519,plume28,4.0,"ANA Crowne Plaza Hotel Kanazawa, Kanazawa, Japon"
2520,plume28,4.0,"Hida Hotel Plaza, Takayama, Japon"
2521,plume28,5.0,"Taikanso, Atami, Japon"
2522,plume28,4.0,"The Royal Park Hotel Iconic Tokyo Shiodome, Minato, Japon"
2541,ppris,5.0,"Hotel Century Southern Tower, Yoyogi, Japon"
2565,akiraoz,5.0,"Park Hyatt Tokyo, Nishishinjuku, Japon"
2598,pollyoppy,5.0,"Romantopia, A Landscape of Forest and Stars, Hirosaki, Japon"
2646,aadroit,1.0,"Sotetsu Grand Fresa Osaka-Namba, Nippombashi, Japon"
2647,aadroit,5.0,"Hilton Tokyo, Nishishinjuku, Japon"
2690,rdmev,4.0,"Mercure Tokyo Ginza, Ginza, Japon"
2717,TheAlphaTourist,5.0,"Hotel Century Southern Tower, Yoyogi, Japon"
2718,TheAlphaTourist,4.0,"The Royal Park Hotel Kyoto Sanjo, Kyoto, Japon"
2719,TheAlphaTourist,4.0,"Cross Hotel Osaka, Chuo, Japon"
2721,JornBerg,5.0,"Mitsui Garden Hotel Ginza Gochome, Ginza, Japon"
2727,JuneLow,5.0,"Oyado Yamakyu, Takayama, Japon"
2728,JuneLow,4.0,"Hotel Resol Trinity Kanazawa, Kanazawa, Japon"
2729,JuneLow,5.0,"Chubu International Airport Centrair Hotel, Tokoname, Japon"
2732,JuneLow,4.0,"Tokyo Plaza Hotel, Shinjuku, Japon"
2733,JuneLow,4.0,"Chisun Inn Karuizawa, Karuizawa-machi, Japon"
2734,JuneLow,4.0,"Citadines Shinjuku Tokyo, Shinjuku, Japon"
2739,ccfchew_23,4.0,"Hotel Vischio Osaka by Granvia, Osaka, Japon"
2768,TenryAriny,4.0,"Ibis Styles Sapporo, Sapporo, Japon"
2769,TenryAriny,5.0,"Richmond Hotel Premier Tokyo Oshiage, Oshiage, Japon"
2775,cruisr,4.0,"Hyatt Regency Kyoto, Kyoto, Japon"
2776,cruisr,5.0,"ANA Holiday Inn Kanazawa Sky, Kanazawa, Japon"
2814,Lillymungkorn,5.0,"The Yokohama Bay Hotel Tokyu, Minatomirai, Japon"
2815,Lillymungkorn,5.0,"Solaria nishitetsu hotel Ginza, Ginza, Japon"
2816,Lillymungkorn,5.0,"Oakwood Premier Tokyo, Marunouchi, Japon"
2842,salohcini,5.0,"Hotel Sunroute Plaza Shinjuku, Yoyogi, Japon"
2879,Richards_remarks,5.0,"Benesse House, Naoshima, Japon"
2893,davidsY8473EV,4.0,"Via Inn Nagoya Ekimae Tsubakicho, Nagoya, Japon"
2894,davidsY8473EV,4.0,"Ibis Styles Kyoto Station, Kyoto, Japon"
2895,davidsY8473EV,4.0,"Tobu Hotel Levant Tokyo, Sumida, Japon"
2896,davidsY8473EV,5.0,"Hotel Nikko Kansai Airport, Izumisano, Japon"
2906,Fredlm75020,5.0,"Cross Hotel Kyoto, Kyoto, Japon"
2907,Fredlm75020,4.0,"Keio Plaza Hotel Tokyo, Nishishinjuku, Japon"
2914,CBangkok,5.0,"Swissotel Nankai Osaka, Namba, Japon"
2915,CBangkok,4.0,"Hotel Sunroute Plaza Shinjuku, Yoyogi, Japon"
2917,CBangkok,5.0,"Swissotel Nankai Osaka, Namba, Japon"
2918,CBangkok,5.0,"Cross Hotel Sapporo, Sapporo, Japon"
2919,CBangkok,5.0,"Fuji Lake Hotel, Fujikawaguchiko-machi, Japon"
2920,CBangkok,4.0,"Hotel Trusty Nagoya Sakae, Naka, Japon"
2926,Seohyun,4.0,"Park Hotel Tokyo, Minato, Japon"
3042,extr3me_84,3.0,"ANA Crowne Plaza Kobe, Kobé, Japon"
3043,extr3me_84,2.0,"Toyoko Inn Tokyo Asakusa Senzoku Tsukuba Express, Taito, Japon"
3058,Strabo,4.0,"Citadines Central Shinjuku Tokyo, Kabukicho, Japon"
3059,Strabo,3.0,"Nikko station hotel classic, Nikko, Japon"
3070,sharonleesm,5.0,"Hakone Suimeisou, Hakone-machi, Japon"
3071,sharonleesm,4.0,"Shinjuku Prince Hotel, Kabukicho, Japon"
3072,Stanislaw1972,2.0,"Best Western Hotel Fino Osaka Shinsaibashi, Chuo, Japon"
3096,JapanCustomToursNZ,5.0,"Kamesei Ryokan, Chikuma, Japon"
3097,JapanCustomToursNZ,5.0,"Sakura Terrace, Kyoto, Japon"
3098,JapanCustomToursNZ,5.0,"The Westin Sendai, Sendai, Japon"
3099,JapanCustomToursNZ,5.0,"Sheraton Grand Hiroshima Hotel, Hiroshima, Japon"
3100,JapanCustomToursNZ,4.0,"Akasaka Excel Hotel Tokyu, Chiyoda, Japon"
3101,JapanCustomToursNZ,4.0,"Kyoto Century Hotel, Kyoto, Japon"
3102,JapanCustomToursNZ,5.0,"Ryokan Asunaro, Takayama, Japon"
3103,JapanCustomToursNZ,4.0,"Kanazawa Tokyu Hotel, Kanazawa, Japon"
3104,JapanCustomToursNZ,4.0,"Hotel Monterey Akasaka, Akasaka, Japon"
3105,JapanCustomToursNZ,5.0,"Cerulean Tower Tokyu Hotel, Shibuya, Japon"
3106,JapanCustomToursNZ,5.0,"Matsubaya Ryokan, Kyoto, Japon"
3107,JapanCustomToursNZ,4.0,"Tokyo Daiichi Hotel Nishiki, Naka, Japon"
3108,American_bullit,4.0,"Kyoto Granbell Hotel, Kyoto, Japon"
3119,MassiG,4.0,"Shibuya Stream Excel Hotel Tokyu, Shibuya, Japon"
3147,Lau_traveller,4.0,"Hilton Niseko Village, Niseko-cho, Japon"
3148,Lau_traveller,4.0,"Pension Landscape Furano, Kamifurano-cho, Japon"
3149,Lau_traveller,4.0,"Grand Park Otaru, Otaru, Japon"
3166,EMcCScotland,4.0,"Hotel Sunroute Plaza Shinjuku, Yoyogi, Japon"
3167,EMcCScotland,4.0,"Citadines Karasuma-Gojo Kyoto, Kyoto, Japon"
3181,erical2013,5.0,"APA Hotel Keisei Ueno Ekimae, Ueno, Japon"
3183,erical2013,4.0,"Hotel Mystays Ueno Iriyaguchi, Taito, Japon"
3184,ATL720,5.0,"Conrad Tokyo, Minato, Japon"
3189,ShaneHLittle,5.0,"Conrad Osaka, Osaka, Japon"
3232,PadresDiego,5.0,"Park Hotel Tokyo, Minato, Japon"
3254,nycbee,4.0,"Remm Tokyo Kyobashi, Chuo, Japon"
3256,nycbee,2.0,"Pioland Hotel, Saitama, Japon"
3259,nycbee,2.0,"HOTEL MYSTAYS PREMIER Narita, Narita, Japon"
3260,nycbee,5.0,"Hotel Vista Hiroshima, Hiroshima, Japon"
3270,seanseungw0nj,5.0,"Hotel Keihan Universal Tower, Osaka, Japon"
3271,seanseungw0nj,5.0,"Bay Resort Hotel Shodoshima, Shodo-shima, Japon"
3272,seanseungw0nj,3.0,"The Hotel Nagasaki BW Premier Collection, Nagasaki, Japon"
3330,JornBerg,5.0,"Mitsui Garden Hotel Ginza Gochome, Ginza, Japon"
3361,Michaelhercules,4.0,"Kamogawa Grand Tower, Kamogawa, Japon"
3364,Michaelhercules,5.0,"Andaz Tokyo Toranomon Hills, Toranomon, Japon"
3366,Michaelhercules,5.0,"Hyatt Regency Osaka, Osaka, Japon"
3425,OlegS828,3.0,"Hotel Crescent Asahikawa, Asahikawa, Japon"
3426,OlegS828,4.0,"Best Western Sapporo Odori Koen, Sapporo, Japon"
3432,OlegS828,5.0,"APA Hotel Keisei Narita Ekimae, Narita, Japon"
3433,OlegS828,5.0,"Mitsui Annex, Yonago, Japon"
3434,OlegS828,4.0,"APA Hotel Tottori Ekimae, Tottori, Japon"
3435,OlegS828,5.0,"Hotel Mystays Haneda, Ota, Japon"
3437,OlegS828,5.0,"Hotel Sonia Otaru, Otaru, Japon"
3438,OlegS828,4.0,"Nest Hotel Sapporo Odori, Sapporo, Japon"
3441,OlegS828,4.0,"APA Villa Hotel Akasaka-Mitsuke, Akasaka, Japon"
3442,OlegS828,4.0,"Citadines Central Shinjuku Tokyo, Kabukicho, Japon"
3451,Stefan_Le1,5.0,"ANA InterContinental Tokyo, Akasaka, Japon"
3459,Stefan_Le1,5.0,"NOHGA HOTEL UENO TOKYO, Taito, Japon"
3472,Sidneyleee,5.0,"Conrad Osaka, Osaka, Japon"
3473,Sidneyleee,5.0,"The Ritz-Carlton, Kyoto, Kyoto, Japon"
3475,Sidneyleee,5.0,"Conrad Tokyo, Minato, Japon"
3478,Sidneyleee,5.0,"Hokuten no Oka Lake Abashiri Tsuruga Resort, Abashiri, Japon"
3481,Sidneyleee,5.0,"Hotel Naturwald Furano, Furano, Japon"
3482,Sidneyleee,3.0,"Sapporo Grand Hotel, Sapporo, Japon"
3485,Sidneyleee,5.0,"Hotel Niwa Tokyo, Chiyoda, Japon"
3531,MzNomad,3.0,"nine hours Narita Airport, Narita, Japon"
3532,MzNomad,5.0,"The Royal Park Hotel Kyoto Shijo, Kyoto, Japon"
3547,SEASHELL18,4.0,"Tabibito no Yado e-Rooms, Hakone-machi, Japon"
3569,bhall4,5.0,"Oyado Koto no Yume, Takayama, Japon"
3570,bhall4,4.0,"Citadines Shinjuku Tokyo, Shinjuku, Japon"
3571,bhall4,4.0,"Sakuraya, Hatsukaichi, Japon"
3572,bhall4,4.0,"Citadines Karasuma-Gojo Kyoto, Kyoto, Japon"
3654,SuttonHill,4.0,"Hickory Wind, Tsurui-mura, Japon"
3655,SuttonHill,5.0,"Hotel Gracery Asakusa, Taito, Japon"
3656,SuttonHill,4.0,"Rausu Daiichi Hotel, Rausu-cho, Japon"
3657,SuttonHill,4.0,"Hokuten no Oka Lake Abashiri Tsuruga Resort, Abashiri, Japon"
3658,SuttonHill,3.0,"Hoshino Resorts OMO7 Asahikawa, Asahikawa, Japon"
3659,SuttonHill,2.0,"Richmond Hotel Sapporo Ekimae, Sapporo, Japon"
3660,SuttonHill,2.0,"The Royal Park Hotel Kyoto Sanjo, Kyoto, Japon"
3661,SuttonHill,5.0,"Yudanaka Seifuso, Yamanouchi-machi, Japon"
3662,SuttonHill,4.0,"Richmond Hotel Asakusa, Asakusa, Japon"
3698,Tracks1102,5.0,"Hilton Tokyo, Nishishinjuku, Japon"
3702,Tracks1102,5.0,"Osaka Marriott Miyako Hotel, Osaka, Japon"
3703,Tracks1102,4.0,"Citadines Central Shinjuku Tokyo, Kabukicho, Japon"
3733,Indigo_Scott,4.0,"Fujisan Onsen Bessho Sasa, Fujiyoshida, Japon"
3735,Indigo_Scott,4.0,"Park Hotel Tokyo, Minato, Japon"
3740,traveltheworldcs,5.0,"Grand Hyatt Tokyo, Roppongi, Japon"
3746,msneedle,5.0,"Hotel Century Southern Tower, Yoyogi, Japon"
3763,thegymlad,4.0,"Sheraton Grande Ocean Resort, Miyazaki, Japon"
3807,ahmedrD2583AE,4.0,"JR-East Hotel Mets Shibuya, Shibuya, Japon"
3808,ahmedrD2583AE,4.0,"Dai-ichi Hotel Ryogoku, Sumida, Japon"
3839,kaioatey,5.0,"Hotel Monterey Grasmere Osaka, Osaka, Japon"
3840,kaioatey,4.0,"Wakayama Marina City Hotel, Wakayama, Japon"
3844,bobcD6871YK,4.0,"Hotel Ichinose, Yamanouchi-machi, Japon"
3871,MarinaDelRey335,3.0,"Hilton Tokyo, Nishishinjuku, Japon"
3879,MarinaDelRey335,2.0,"Hotel Metropolitan Tokyo Ikebukuro, Toshima, Japon"
3880,MarinaDelRey335,2.0,"Sapporo Excel Hotel Tokyu, Sapporo, Japon"
3881,MarinaDelRey335,3.0,"Hilton Niseko Village, Niseko-cho, Japon"
3913,travelfw,5.0,"Hotel Niwa Tokyo, Chiyoda, Japon"
3914,travelfw,5.0,"Park Hotel Tokyo, Minato, Japon"
3915,travelfw,3.0,"APA Hotel Kyoto Eki Horikawadori, Kyoto, Japon"
3916,abellic,4.0,"Pullman Tokyo Tamachi, Minato, Japon"
3932,abellic,4.0,"Imperial Hotel Tokyo, Chiyoda, Japon"
3933,abellic,4.0,"ANA InterContinental Tokyo, Akasaka, Japon"
3943,abellic,5.0,"Grand Hyatt Tokyo, Roppongi, Japon"
3996,katherinel495,4.0,"Hilton Osaka, Osaka, Japon"
3997,katherinel495,5.0,"Ginsuiso Choraku, Kobé, Japon"
4001,katherinel495,4.0,"Hilton Nagoya, Sakae, Japon"
4002,katherinel495,5.0,"Togetsutei, Kyoto, Japon"
4003,katherinel495,5.0,"Hotel Anteroom Kyoto, Kyoto, Japon"
4004,katherinel495,5.0,"Hilton Osaka, Osaka, Japon"
4051,TinaMGonzalez,3.0,"The Royal Park Hotel Iconic Tokyo Shiodome, Minato, Japon"
4065,1985MatthewF,4.0,"Mitsui Garden Hotel Ginza Premier, Ginza, Japon"
4087,322s_rgioc,4.0,"Gion Hatanaka, Kyoto, Japon"
4095,mvuy,5.0,"Yufuin Lamp no Yado, Yufu, Japon"
4111,mvuy,5.0,"Tobu Hotel Levant Tokyo, Sumida, Japon"
4126,Vertau,3.0,"Hotel Gracery Shinjuku, Kabukicho, Japon"
4127,Vertau,5.0,"Honjin Hiranoya Bekkan, Takayama, Japon"
4128,Vertau,4.0,"Hotel Vista Kanazawa, Kanazawa, Japon"
4138,Lovecraft,5.0,"Hotel Granvia Kyoto, Kyoto, Japon"
4145,JonoLion,5.0,"The Royal Park Hotel Iconic Tokyo Shiodome, Minato, Japon"
4146,JonoLion,4.0,"Hilton Tokyo Narita Airport Hotel, Narita, Japon"
4197,KenD625,5.0,"Hotel Wing International Premium Tokyo Yotsuya, Yotsuya, Japon"
4222,WanderlustJournal,5.0,"Hotel Sunroute New Sapporo, Sapporo, Japon"
4225,WanderlustJournal,4.0,"Hotel Sunroute Plaza Shinjuku, Yoyogi, Japon"
4226,WanderlustJournal,4.0,"Premier Hotel -CABIN- Shinjuku, Kabukicho, Japon"
4231,Joy85,5.0,"Tokyu Stay Kyoto Shin-Kyogoku-Dori, Kyoto, Japon"
4232,Joy85,5.0,"Hiyori Hotel Osaka Namba, Osaka, Japon"
4234,Joy85,5.0,"Naha Tokyu REI Hotel, Naha, Japon"
4247,Joy85,4.0,"Hotel Sunroute Plaza Shinjuku, Yoyogi, Japon"
4261,685andreasv,4.0,"Konansou, Fujikawaguchiko-machi, Japon"
4262,685andreasv,4.0,"Hyatt Regency Kyoto, Kyoto, Japon"
4263,685andreasv,3.0,"Nakahara Bessou, Kagoshima, Japon"
4264,685andreasv,3.0,"Richmond Hotel Kumamoto Shinshigai, Kumamoto, Japon"
4286,RioTirta,5.0,"Pullman Tokyo Tamachi, Minato, Japon"
4386,JKWD,5.0,"Hotel Nikko Kansai Airport, Izumisano, Japon"
4387,JKWD,5.0,"ANA Crowne Plaza Osaka, Osaka, Japon"
4392,ericlR2606LJ,5.0,"Grand Hyatt Tokyo, Roppongi, Japon"
4394,Willow888,4.0,"Chisun Hotel Hiroshima, Hiroshima, Japon"
4395,Willow888,4.0,"Hotel Dormy Inn Nagasaki, Nagasaki, Japon"
4397,Haelist,5.0,"Shibuya Stream Excel Hotel Tokyu, Shibuya, Japon"
4399,Haelist,4.0,"HOTEL METROPOLITAN TOKYO MARUNOUCHI, Marunouchi, Japon"
4400,Haelist,5.0,"Shibuya Excel Hotel Tokyu, Shibuya, Japon"
4401,Haelist,5.0,"HOSHINOYA Tokyo, Otemachi, Japon"
4404,Haelist,5.0,"Hotel Century Southern Tower, Yoyogi, Japon"
4420,AlbertSolihull,3.0,"Keio Plaza Hotel Tokyo, Nishishinjuku, Japon"
4421,AlbertSolihull,3.0,"ANA Crowne Plaza Hiroshima, Hiroshima, Japon"
4422,AlbertSolihull,3.0,"RIHGA Royal Hotel Kyoto, Kyoto, Japon"
4423,AlbertSolihull,4.0,"Hida Hotel Plaza, Takayama, Japon"
4448,neilpha,5.0,"Hotel Century Southern Tower, Yoyogi, Japon"
4452,Desmondcheng,5.0,"Hotel WBF Art Stay Naha, Naha, Japon"
4453,Desmondcheng,2.0,"The Yuinchi Hotel Nanjo, Nanjo, Japon"
4480,nicholasy814,4.0,"Candeo Hotels Tokyo Roppongi, Roppongi, Japon"
4485,nicholasy814,4.0,"Hotel Boston Plaza Kusatsu Biwako, Kusatsu, Japon"
4486,nicholasy814,3.0,"APA Hotel Akihabara Ekimae, Chiyoda, Japon"
4520,489olam,4.0,"Hyatt Regency Tokyo, Nishishinjuku, Japon"
4521,489olam,5.0,"Grand Hyatt Tokyo, Roppongi, Japon"
4522,489olam,5.0,"Park Hyatt Tokyo, Nishishinjuku, Japon"
4523,489olam,4.0,"The Westin Rusutsu Resort, Rusutsu-mura, Japon"
4524,489olam,4.0,"ANA Crowne Plaza Hotel Chitose, Chitose, Japon"
4579,cr1557,3.0,"Citadines Central Shinjuku Tokyo, Kabukicho, Japon"
4591,phiflyers,4.0,"Conrad Tokyo, Minato, Japon"
4602,phiflyers,4.0,"Conrad Tokyo, Minato, Japon"
4620,Masahisa,4.0,"Hotel New Otani Osaka, Chuo, Japon"
4621,Masahisa,4.0,"Toba Hotel International, Toba, Japon"
4626,Masahisa,4.0,"Park Hyatt Tokyo, Nishishinjuku, Japon"
4691,thomas_destinations,4.0,"Andaz Tokyo Toranomon Hills, Toranomon, Japon"
4698,thomas_destinations,5.0,"Grand Hyatt Tokyo, Roppongi, Japon"
4746,mobetrotter,3.0,"Hinode Ryokan, Odawara, Japon"
4749,33warrenc,3.0,"Hotel Century Southern Tower, Yoyogi, Japon"
4750,33warrenc,4.0,"Moxy Tokyo Kinshicho, Sumida, Japon"
4805,lovetotravel52,5.0,"ANA InterContinental Tokyo, Akasaka, Japon"
4838,beauxl2002,5.0,"Hotel New Otani Garden Tower, Chiyoda, Japon"
4839,beauxl2002,4.0,"Hotel Gran MS Kyoto, Kyoto, Japon"
4840,beauxl2002,5.0,"The Royal Park Hotel Iconic Tokyo Shiodome, Minato, Japon"
4871,brucew969,2.0,"Furano Natulux Hotel, Furano, Japon"
4873,brucew969,5.0,"Mitsui Garden Hotel Osaka Premier, Osaka, Japon"
4874,brucew969,4.0,"Hotel Grand Bach Kyoto Select, Kyoto, Japon"
4875,brucew969,5.0,"Park Hotel Tokyo, Minato, Japon"
4876,brucew969,5.0,"Park Hotel Tokyo, Minato, Japon"
4883,strike77,4.0,"Park Hotel Tokyo, Minato, Japon"
4884,strike77,5.0,"Iwaso, Hatsukaichi, Japon"
4909,810MikeR,4.0,"Sheraton Miyako Hotel Osaka, Osaka, Japon"
4945,travelbugAmsterdam,4.0,"The Royal Park Hotel Iconic Tokyo Shiodome, Minato, Japon"
4959,Kepuhi-Dream,4.0,"Hilton Tokyo, Nishishinjuku, Japon"
4960,Kepuhi-Dream,4.0,"Hotel Granvia Kyoto, Kyoto, Japon"
4961,Kepuhi-Dream,5.0,"Park Hyatt Tokyo, Nishishinjuku, Japon"
5011,PurpleHazeUK,4.0,"Tokyu Stay Nishi-Shinjuku, Nishishinjuku, Japon"
5012,PurpleHazeUK,5.0,"nine hours Narita Airport, Narita, Japon"
5013,PurpleHazeUK,5.0,"Oyado Yoshinoya, Takayama, Japon"
5014,PurpleHazeUK,5.0,"Yogetsu, Kanazawa, Japon"
5015,PurpleHazeUK,4.0,"Capsule Ryokan Kyoto, Kyoto, Japon"
5016,PurpleHazeUK,4.0,"Ryoso Kawaguchi, Hatsukaichi, Japon"
5024,BajanFan,5.0,"Hotel Century Southern Tower, Yoyogi, Japon"
5025,BajanFan,5.0,"ANA Crowne Plaza Kyoto, Kyoto, Japon"
5067,kermadek,3.0,"Hilton Tokyo, Nishishinjuku, Japon"
5149,RealW0rldTraveller,4.0,"Miyako Hotel Yokkaichi, Yokkaichi, Japon"
5184,travelbugbite22,2.0,"ANA InterContinental Tokyo, Akasaka, Japon"
5185,travelbugbite22,5.0,"Miyabiyado Takemine, Shinjuku, Japon"
5218,Chefaujus,5.0,"Hotel Sunroute Plaza Shinjuku, Yoyogi, Japon"
5220,Chefaujus,2.0,"Hotel Monterey Grasmere Osaka, Osaka, Japon"
5222,Chefaujus,4.0,"HOTEL MYSTAYS Sapporo Aspen, Sapporo, Japon"
5226,Chefaujus,5.0,"Hotel Sunroute Plaza Shinjuku, Yoyogi, Japon"
5233,VincentRicci,5.0,"Nippondaira Hotel, Shizuoka, Japon"
5234,VincentRicci,3.0,"Miyazaki Kanko Hotel, Miyazaki, Japon"
5235,VincentRicci,3.0,"Hotel Monterey Okinawa Spa & Resort, Onna-son, Japon"
5236,VincentRicci,3.0,"Toyoko Inn Kitakami Station Shinkansen Entrance, Kitakami, Japon"
5237,VincentRicci,4.0,"Sukayu Onsen Ryokan, Aomori, Japon"
5238,VincentRicci,4.0,"SHIROYAMA HOTEL kagoshima, Kagoshima, Japon"
5239,VincentRicci,3.0,"Nishitetsu Inn Kochi Harimayabashi, Kochi, Japon"
5240,VincentRicci,3.0,"Takamatsu Tokyu REI Hotel, Takamatsu, Japon"
5241,VincentRicci,4.0,"Hotel Metropolitan Nagano, Nagano, Japon"
5242,VincentRicci,4.0,"Hotel Grand Hills Shizuoka, Shizuoka, Japon"
5243,VincentRicci,5.0,"InterContinental Hotel Osaka, Osaka, Japon"
5292,Gymrat76,4.0,"Daiwa Roynet Hotel Aomori, Aomori, Japon"
5293,Gymrat76,5.0,"Hotel Metropolitan Sendai East, Sendai, Japon"
5294,Gymrat76,4.0,"HOTEL METROPOLITAN TOKYO MARUNOUCHI, Marunouchi, Japon"
5295,Gymrat76,3.0,"Ginzanso, Obanazawa, Japon"
5307,GilGalad_GG,5.0,"Keio Plaza Hotel Tokyo, Nishishinjuku, Japon"
5381,Resmama,4.0,"Hotel Granvia Kyoto, Kyoto, Japon"
5382,Resmama,4.0,"Keio Plaza Hotel Tokyo, Nishishinjuku, Japon"
5468,todd_fix,4.0,"Fujisan Onsen Hotel Kaneyamaen, Fujiyoshida, Japon"
5469,todd_fix,3.0,"Hyatt Regency Tokyo, Nishishinjuku, Japon"
5488,NeonVenables,4.0,"Urbain Hiroshima Executive, Hiroshima, Japon"
5616,baileychow,5.0,"Swissotel Nankai Osaka, Namba, Japon"
5617,baileychow,4.0,"Mercure Tokyo Ginza, Ginza, Japon"
5622,baileychow,4.0,"Dai-ichi Hotel Tokyo, Shimbashi, Japon"
5641,Siera1408,4.0,"Marunouchi Hotel, Marunouchi, Japon"
5642,Siera1408,4.0,"Millennium Mitsui Garden Hotel Tokyo, Ginza, Japon"
5648,Siera1408,5.0,"Shangri-La Hotel, Tokyo, Marunouchi, Japon"
5649,Siera1408,4.0,"Yumoto Niseko Prince Hotel Hirafutei, Kutchan-cho, Japon"
5653,Siera1408,4.0,"The Freshwater, Kutchan-cho, Japon"
5655,Siera1408,5.0,"The Tokyo Station Hotel, Marunouchi, Japon"
5657,Siera1408,3.0,"APA Hotel Shimbashi Toranomon, Minato, Japon"
5663,Siera1408,4.0,"HOTEL METROPOLITAN TOKYO MARUNOUCHI, Marunouchi, Japon"
5678,fainafly,5.0,"Hakuba Powder Lodging, Hakuba-mura, Japon"
5679,fainafly,5.0,"Hilton Tokyo, Nishishinjuku, Japon"
5691,Stayoshi,4.0,"Shiroyamakan, Shirakawa-mura, Japon"
5692,Stayoshi,4.0,"Hotel Trusty Kanazawa Korinbou, Kanazawa, Japon"
5700,asishp2016,5.0,"Park Hyatt Tokyo, Nishishinjuku, Japon"
5703,311louisea,5.0,"Miru Niseko, Kutchan-cho, Japon"
5709,311louisea,4.0,"Park Hotel Tokyo, Minato, Japon"
5713,311louisea,4.0,"Hotel Ryumeikan Tokyo, Yaesu, Japon"
5725,wow77,4.0,"Hotel Sunroute Plaza Shinjuku, Yoyogi, Japon"
5727,wow77,3.0,"City Plaza Osaka, Chuo, Japon"
5728,wow77,4.0,"Mercure Sapporo, Sapporo, Japon"
5729,wow77,4.0,"Dormy Inn Premium Otaru, Otaru, Japon"
5730,wow77,5.0,"The Lake View Toya Nonokaze Resort, Toyako-cho, Japon"
5815,stephen787,4.0,"Grace Villa Nijo-jo Castle, Kyoto, Japon"
5818,stephen787,5.0,"Hilton Nagoya, Sakae, Japon"
5828,973sophiec,5.0,"Keio Plaza Hotel Tokyo, Nishishinjuku, Japon"
5866,MaricusaTravel,5.0,"Four Seasons Hotel Tokyo at Marunouchi, Marunouchi, Japon"
5867,MaricusaTravel,5.0,"The Ritz-Carlton, Kyoto, Kyoto, Japon"
5884,283bernadettea,4.0,"Park Hotel Tokyo, Minato, Japon"
5921,maweb31,4.0,"The Royal Park Hotel Iconic Tokyo Shiodome, Minato, Japon"
5989,LoyaltyLobby,2.0,"ANA Intercontinental Ishigaki Resort, Ishigaki-jima, Japon"
5990,LoyaltyLobby,3.0,"Hyatt Centric Kanazawa, Kanazawa, Japon"
5991,LoyaltyLobby,4.0,"Hyatt House Kanazawa, Kanazawa, Japon"
5992,LoyaltyLobby,2.0,"Hyatt Regency Hakone Resort and Spa, Hakone-machi, Japon"
5993,LoyaltyLobby,2.0,"ANA InterContinental Beppu Resort & Spa, Beppu, Japon"
5994,LoyaltyLobby,2.0,"Crowne Plaza ANA Nagasaki Gloverhill, Nagasaki, Japon"
5995,LoyaltyLobby,4.0,"Sheraton Grand Hiroshima Hotel, Hiroshima, Japon"
5996,LoyaltyLobby,4.0,"Hyatt Regency Naha, Okinawa, Naha, Japon"
5997,LoyaltyLobby,4.0,"Park Hyatt Niseko Hanazono, Niseko-cho, Japon"
5998,LoyaltyLobby,3.0,"Hilton Fukuoka Sea Hawk, Chuo, Japon"
5999,LoyaltyLobby,3.0,"Grand Hyatt Fukuoka, Hakata, Japon"
6000,LoyaltyLobby,2.0,"ANA Crowne Plaza Hiroshima, Hiroshima, Japon"
6001,LoyaltyLobby,3.0,"Hyatt Regency Yokohama, Yokohama, Japon"
6002,LoyaltyLobby,2.0,"Park Hyatt Kyoto, Kyoto, Japon"
6003,LoyaltyLobby,4.0,"Ibis Styles Kyoto Station, Kyoto, Japon"
6004,LoyaltyLobby,3.0,"Conrad Osaka, Osaka, Japon"
6087,brittannyb,5.0,"Daiwa Royal Hotel Grande Kyoto, Kyoto, Japon"
6088,brittannyb,5.0,"Tokyu Stay Ginza, Ginza, Japon"
6093,brittannyb,5.0,"The Millennials Kyoto, Kyoto, Japon"
6094,brittannyb,5.0,"Hyatt Regency Tokyo, Nishishinjuku, Japon"
6162,NandoCamilo,3.0,"Miyako City Osaka Tennoji, Osaka, Japon"
6163,NandoCamilo,3.0,"Shinagawa Prince Hotel, Takanawa, Japon"
6179,christineyfs,4.0,"Hotel Century Southern Tower, Yoyogi, Japon"
6180,christineyfs,3.0,"Arashiyama BENKEI, Kyoto, Japon"
6261,reezewahab,5.0,"Grand Hyatt Tokyo, Roppongi, Japon"
6286,Achooo_sg,4.0,"ANA InterContinental Tokyo, Akasaka, Japon"
6336,deviljoblack,4.0,"ANA InterContinental Tokyo, Akasaka, Japon"
6341,FoodieMookie,5.0,"Park Hyatt Tokyo, Nishishinjuku, Japon"
6393,fionayyy,4.0,"Hotel Lantana Naha Kokusai Dori, Naha, Japon"
6394,fionayyy,3.0,"Best Western Okinawa Kouki Beach, Nago, Japon"
6395,fionayyy,3.0,"Resort Hotel Buena Vista Nakijin, Nakijin-son, Japon"
6397,fionayyy,4.0,"Takenokura Sanso, Minamiaso-mura, Japon"
6399,fionayyy,5.0,"Kinmonco, Yufu, Japon"
6400,fionayyy,4.0,"Toyoko Inn Hakata-guchi Ekimae, Hakataekimae, Japon"
6401,fionayyy,4.0,"The Royal Park Hotel Tokyo Haneda, Ota, Japon"
6421,Redgrant,5.0,"Conrad Tokyo, Minato, Japon"
6422,Redgrant,5.0,"Conrad Osaka, Osaka, Japon"
6433,pcoolguy,5.0,"The Westin Tokyo, Meguro, Japon"
6436,pcoolguy,4.0,"The Westin Tokyo, Meguro, Japon"
6437,pcoolguy,3.0,"The Yokohama Bay Hotel Tokyu, Minatomirai, Japon"
6441,pcoolguy,5.0,"Hyatt Regency Tokyo, Nishishinjuku, Japon"
6476,benlimisella,4.0,"Citadines Shinjuku Tokyo, Shinjuku, Japon"
6479,benlimisella,5.0,"Kinnotake Sengokuhara, Hakone-machi, Japon"
6480,benlimisella,5.0,"Yuzuya Ryokan, Kyoto, Japon"
6481,benlimisella,4.0,"Shibuya Granbell hotel, Shibuya, Japon"
6494,FoodieGirl_VeganBoy,5.0,"RIHGA Royal Hotel Hiroshima, Hiroshima, Japon"
6496,FoodieGirl_VeganBoy,5.0,"Wakakusa no Yado Maruei, Fujikawaguchiko-machi, Japon"
6497,FoodieGirl_VeganBoy,4.0,"Hotel Sunroute Plaza Shinjuku, Yoyogi, Japon"
6515,Sarah53187,2.0,"Sarasa Hotel Namba, Osaka, Japon"
6531,rolal461,5.0,"Onsenji Yumedono Ryokan, Fujikawaguchiko-machi, Japon"
6532,rolal461,4.0,"Fuji Lake Hotel, Fujikawaguchiko-machi, Japon"
6535,rolal461,5.0,"Hilton Tokyo, Nishishinjuku, Japon"
6567,Bpkengor,4.0,"Hilton Tokyo Odaiba, Daiba, Japon"
6583,cirque,5.0,"Hilton Tokyo Bay, Maihama, Japon"
6584,cirque,5.0,"Conrad Tokyo, Minato, Japon"
6585,cirque,5.0,"Hilton Tokyo, Nishishinjuku, Japon"
6613,CloverIsSweet,3.0,"Radisson Hotel Narita, Tomisato, Japon"
6614,CloverIsSweet,5.0,"Earth Hostel, Nikko, Japon"
6615,CloverIsSweet,1.0,"Takimoto Inn, Noboribetsu, Japon"
6632,Marshaici,4.0,"Hotel Sunroute Plaza Shinjuku, Yoyogi, Japon"
6653,Vegemitelover,3.0,"Benesse House, Naoshima, Japon"
6654,Vegemitelover,4.0,"Daiwa Roynet Hotel Kyoto Shijo Karasuma, Kyoto, Japon"
6655,Vegemitelover,2.0,"Yaesu Terminal, Yaesu, Japon"
6656,Vegemitelover,4.0,"Hotel Ryumeikan Tokyo, Yaesu, Japon"
6782,HKGHK,5.0,"Lamp Lights Books Hotel Nagoya, Naka, Japon"
6783,HKGHK,4.0,"Daiwa Roynet Hotel Gifu, Gifu, Japon"
6784,HKGHK,5.0,"SOY, Takayama, Japon"
6785,HKGHK,4.0,"Best Western Hotel Takayama, Takayama, Japon"
6787,HKGHK,4.0,"Mitsui Garden Hotel Otemachi, Chiyoda, Japon"
6788,HKGHK,5.0,"Nozawa Grand Hotel, Nozawaonsen-mura, Japon"
6805,DWD26,5.0,"Dai-ichi Hotel Tokyo, Shimbashi, Japon"
6806,DWD26,4.0,"Nikko Station Hotel II, Nikko, Japon"
6807,DWD26,4.0,"Via Inn Nagoya Ekimae Tsubakicho, Nagoya, Japon"
6808,DWD26,5.0,"Yunoshimakan, Gero, Japon"
6809,DWD26,5.0,"Hotel Grand Arc Hanzomon, Chiyoda, Japon"
6840,Nick_2112,5.0,"Villa Ensoleille, Fujikawaguchiko-machi, Japon"
6841,Nick_2112,5.0,"Courtyard Tokyo Station, Chuo, Japon"
6842,Nick_2112,5.0,"Courtyard by Marriott Shin-Osaka Station, Osaka, Japon"
6851,Nick_2112,3.0,"Hyatt Regency Tokyo, Nishishinjuku, Japon"
6864,AndyHayler,5.0,"Grand Hyatt Tokyo, Roppongi, Japon"
6881,AndyHayler,5.0,"Grand Hyatt Tokyo, Roppongi, Japon"
6882,AndyHayler,5.0,"Kyoto Hotel Okura, Kyoto, Japon"
6890,Sengch,4.0,"Sotetsu Fresa Inn Nagano-Zenkojiguchi, Nagano, Japon"
6891,Sengch,4.0,"Sotetsu Fresa Inn Shimbashi-Karasumoriguchi, Shimbashi, Japon"
6892,Sengch,4.0,"Hoshino Resorts Oirase Keiryu Hotel, Towada, Japon"
6893,Sengch,5.0,"Park Hotel Tokyo, Minato, Japon"
6894,Sengch,4.0,"Hotel Okura Niigata, Niigata, Japon"
6895,Sengch,4.0,"Richmond Hotel Akita Ekimae, Akita, Japon"
6896,Sengch,4.0,"Richmond Hotel Aomori, Aomori, Japon"
6897,Sengch,4.0,"Hotel Gimmond Kyoto, Kyoto, Japon"
6898,Sengch,4.0,"Hotel Elcient Kyoto, Kyoto, Japon"
6899,Sengch,3.0,"Shinagawa Prince Hotel, Takanawa, Japon"
6900,Sengch,5.0,"Hotel MyStays Kyoto Shijo, Kyoto, Japon"
6901,Sengch,4.0,"Sapporo Grand Hotel, Sapporo, Japon"
6902,Sengch,5.0,"HOTEL MYSTAYS PREMIER Kanazawa, Kanazawa, Japon"
6903,Sengch,4.0,"Hotel Sunroute Plaza Shinjuku, Yoyogi, Japon"
6904,Sengch,4.0,"Cypress Karuizawa, Karuizawa-machi, Japon"
6905,Sengch,5.0,"Hotel de Yama, Hakone-machi, Japon"
6906,Sengch,5.0,"Hotel Nikko Narita, Narita, Japon"
6928,Mayaaaaa,3.0,"Hotel Sunroute New Sapporo, Sapporo, Japon"
6930,Mayaaaaa,4.0,"Dormy Inn Osaka Tanimachi, Chuo, Japon"
6938,Mayaaaaa,4.0,"Super Hotel Aomori, Aomori, Japon"
6939,Mayaaaaa,5.0,"Hanamaki Onsen Hotel Hanamaki, Hanamaki, Japon"
6942,Mayaaaaa,5.0,"Yumotokan, Otsu, Japon"
7035,foxegurl266,4.0,"Hinode Ryokan, Odawara, Japon"
7036,foxegurl266,4.0,"Kimi Ryokan, Toshima, Japon"
7045,sas820,5.0,"Conrad Osaka, Osaka, Japon"
7083,Theuniquetraveler,5.0,"Keio Plaza Hotel Tokyo, Nishishinjuku, Japon"
7097,maidenfan,5.0,"Keio Plaza Hotel Tokyo, Nishishinjuku, Japon"
7129,taketomono,5.0,"Century Marina Hakodate, Hakodaté, Japon"
7130,taketomono,5.0,"Kameya, Tsuruoka, Japon"
7131,taketomono,5.0,"Palace Hotel Tokyo, Marunouchi, Japon"
7132,taketomono,2.0,"Conrad Tokyo, Minato, Japon"
7133,taketomono,3.0,"Maholova Minds Miura, Miura, Japon"
7134,taketomono,5.0,"Fukiya, Yugawara-machi, Japon"
7143,vinz20,5.0,"Hilton Tokyo, Nishishinjuku, Japon"
7144,vinz20,5.0,"Hilton Tokyo Bay, Maihama, Japon"
7148,vinz20,4.0,"Courtyard by Marriott Shin-Osaka Station, Osaka, Japon"
7149,vinz20,4.0,"The Royal Park Hotel Kyoto Sanjo, Kyoto, Japon"
7150,vinz20,4.0,"Hilton Tokyo Bay, Maihama, Japon"
7151,vinz20,5.0,"Hilton Tokyo, Nishishinjuku, Japon"
7167,Michele489,5.0,"Bettei Umi To Mori, Choshi, Japon"
7168,Michele489,4.0,"Arai Ryokan, Izu, Japon"
7170,Michele489,4.0,"Hotel Villa Fontaine Grand Tokyo-Shiodome, Minato, Japon"
7171,Michele489,4.0,"Fuji View Hotel, Fujikawaguchiko-machi, Japon"
7176,Michele489,4.0,"Tofuya Resort & Spa Izu, Izu, Japon"
7177,Michele489,5.0,"Imperial Hotel Tokyo, Chiyoda, Japon"
7180,JapanPhotoGuide,4.0,"Hotel The Celestine Tokyo Shiba, Minato, Japon"
7181,JapanPhotoGuide,5.0,"Kurayado Iroha, Hatsukaichi, Japon"
7182,JapanPhotoGuide,5.0,"ANA Crowne Plaza Okayama, Okayama, Japon"
7183,JapanPhotoGuide,4.0,"Hyatt Regency Tokyo, Nishishinjuku, Japon"
7184,JapanPhotoGuide,5.0,"Hotel Trusty Kanazawa Korinbou, Kanazawa, Japon"
7185,JapanPhotoGuide,5.0,"Andaz Tokyo Toranomon Hills, Toranomon, Japon"
7186,JapanPhotoGuide,4.0,"The Strings by InterContinental Tokyo, Minato, Japon"
7187,JapanPhotoGuide,3.0,"Musashi, Shirahama-cho, Japon"
7188,JapanPhotoGuide,4.0,"Hotel & Resorts WAKAYAMA-KUSHIMOTO, Kushimoto-cho, Japon"
7189,JapanPhotoGuide,4.0,"Hotel MyStays Kyoto Shijo, Kyoto, Japon"
7190,JapanPhotoGuide,4.0,"Kitakobushi Shiretoko Hotel & Resort, Shari-cho, Japon"
7191,JapanPhotoGuide,3.0,"Sounkyo Choyotei, Kamikawa-cho, Japon"
7192,JapanPhotoGuide,4.0,"Yumiharinooka Hotel, Sasebo, Japon"
7193,JapanPhotoGuide,4.0,"Hotel & Resorts SAGA-KARATSU, Karatsu, Japon"
7194,JapanPhotoGuide,4.0,"Hotel JAL City Haneda Tokyo, Ota, Japon"
7195,JapanPhotoGuide,4.0,"Shibuya Excel Hotel Tokyu, Shibuya, Japon"
7196,JapanPhotoGuide,4.0,"Shibuya Tokyu REI Hotel, Shibuya, Japon"
7197,JapanPhotoGuide,5.0,"Grand Hyatt Tokyo, Roppongi, Japon"
7198,JapanPhotoGuide,5.0,"Andaz Tokyo Toranomon Hills, Toranomon, Japon"
7199,JapanPhotoGuide,5.0,"Kaze no Terrace Kukuna, Fujikawaguchiko-machi, Japon"
7200,JapanPhotoGuide,5.0,"Miyajima Grand Hotel Arimoto, Hatsukaichi, Japon"
7201,JapanPhotoGuide,4.0,"Hotel Nikko Himeji, Himeji, Japon"
7202,JapanPhotoGuide,5.0,"The Royal Park Hotel Kyoto Sanjo, Kyoto, Japon"
7203,JapanPhotoGuide,4.0,"Karatsu Seaside Hotel, Karatsu, Japon"
7316,Shibuyakko,5.0,"Hyatt Regency Tokyo, Nishishinjuku, Japon"
7317,Shibuyakko,3.0,"THE BLOSSOM HIBIYA, Shimbashi, Japon"
7341,robertnZ7491RY,5.0,"Grand Hyatt Tokyo, Roppongi, Japon"
7365,ElanSingapore,5.0,"Hotel Sunroute Plaza Shinjuku, Yoyogi, Japon"
7374,Always5Star,5.0,"Park Hyatt Tokyo, Nishishinjuku, Japon"
7391,MsWendyG,5.0,"Hilton Tokyo, Nishishinjuku, Japon"
7393,MsWendyG,4.0,"Citadines Karasuma-Gojo Kyoto, Kyoto, Japon"
7394,MsWendyG,3.0,"Courtyard by Marriott Shin-Osaka Station, Osaka, Japon"
7395,MsWendyG,4.0,"Hotel Century Southern Tower, Yoyogi, Japon"
7401,MsWendyG,5.0,"Park Hotel Tokyo, Minato, Japon"
7432,Nicolas_from_Paris,5.0,"ANA InterContinental Tokyo, Akasaka, Japon"
7471,Wellpastit,4.0,"InterContinental Tokyo Bay, Minato, Japon"
7490,Kallang,4.0,"Sheraton Hokkaido Kiroro Resort, Akaigawa-mura, Japon"
7510,butterfly63,3.0,"Sheraton Grande Tokyo Bay Hotel, Maihama, Japon"
7513,Franco8375,4.0,"Lotte Arai Resort, Myoko, Japon"
7514,Franco8375,4.0,"Hotel Century Southern Tower, Yoyogi, Japon"
7531,valgalchi,3.0,"Natural Hot spring Konpeki no Yu Dormy Inn Kochi, Kochi, Japon"
7543,BrianTaylor9,4.0,"Active Life Madarao, Iiyama, Japon"
7544,BrianTaylor9,4.0,"Chill Madarao, Myoko, Japon"
7570,lazynesspersonified,5.0,"Dormy Inn Premium Namba, Chuo, Japon"
7571,lazynesspersonified,4.0,"Daiwa Roynet Hotel Hiroshima, Hiroshima, Japon"
7572,lazynesspersonified,5.0,"Matsubaya Ryokan, Kyoto, Japon"
7573,lazynesspersonified,5.0,"RIHGA Royal Hotel Kyoto, Kyoto, Japon"
7574,lazynesspersonified,4.0,"Yamatoya Honten, Chuo, Japon"
7584,pigletthepug,4.0,"Kichijoji Daiichi Hotel, Musashino, Japon"
7585,pigletthepug,5.0,"Hotel Metropolitan Yamagata, Yamagata, Japon"
7586,pigletthepug,5.0,"Kajikaso, Yonezawa, Japon"
7587,pigletthepug,4.0,"Nyuto Onsenkyo Taenoyu, Semboku, Japon"
7588,pigletthepug,5.0,"Tsurunoyu Onsen, Semboku, Japon"
7589,pigletthepug,3.0,"Appi Hills Shirakaba no Mori, Hachimantai, Japon"
7613,sinbarambam,4.0,"Dai-ichi Hotel Tokyo, Shimbashi, Japon"
7614,sinbarambam,5.0,"The Ritz-Carlton, Kyoto, Kyoto, Japon"
7615,sinbarambam,5.0,"Amanemu, Shima, Japon"
7616,sinbarambam,5.0,"Aman Tokyo, Otemachi, Japon"
7617,sinbarambam,5.0,"Park Hyatt Tokyo, Nishishinjuku, Japon"
7628,Tadaaam,3.0,"Hotel JAL City Nagoya Nishiki, Naka, Japon"
7629,Tadaaam,5.0,"Mitsui Garden Hotel Kanazawa, Kanazawa, Japon"
7630,Tadaaam,3.0,"Toyama Daiichi Hotel, Toyama, Japon"
7646,Siwa08,5.0,"Yufuinsanso Waremoko, Yufu, Japon"
7647,Siwa08,4.0,"Hotel Century Southern Tower, Yoyogi, Japon"
7648,Siwa08,5.0,"Cross Hotel Kyoto, Kyoto, Japon"
7649,Siwa08,5.0,"Oriental Hotel, Kobé, Japon"
7670,bimdonesia,4.0,"Hotel Monterey Ginza, Ginza, Japon"
7671,bimdonesia,4.0,"Dormy Inn Kumamoto, Kumamoto, Japon"
7674,bimdonesia,4.0,"Four Points by Sheraton Hakodate, Hakodaté, Japon"
7675,bimdonesia,5.0,"Dormy Inn PREMIUM Sapporo, Sapporo, Japon"
7676,bimdonesia,3.0,"APA Hotel Keisei Narita Ekimae, Narita, Japon"
7749,987AndrewR,3.0,"ibis Styles Osaka Namba, Chuo, Japon"
7795,FlyguyAustin,3.0,"Hearton Hotel Nishi Umeda, Osaka, Japon"
7852,AndDeee,5.0,"Grand Hyatt Tokyo, Roppongi, Japon"
7877,FengXueSG,4.0,"Hilton Osaka, Osaka, Japon"
7879,FengXueSG,5.0,"Hotel Nikko Niigata, Niigata, Japon"
7884,desinerg,5.0,"Hyatt Centric Ginza Tokyo, Ginza, Japon"
7929,ETbrisvegas,4.0,"Shinagawa Prince Hotel, Takanawa, Japon"
7930,ETbrisvegas,5.0,"Ibis Styles Kyoto Station, Kyoto, Japon"
7951,Brian72,4.0,"Hilton Tokyo Bay, Maihama, Japon"
7953,Brian72,4.0,"Beach Village Nosoko, Ishigaki, Japon"
7998,Maochi88,5.0,"Park Hyatt Tokyo, Nishishinjuku, Japon"
7999,Maochi88,5.0,"The Prince Park Tower Tokyo, Shibakoen, Japon"
8006,Maochi88,4.0,"Hilton Tokyo, Nishishinjuku, Japon"
8014,Ozi1_10,4.0,"Chatrium Niseko Japan, Kutchan-cho, Japon"
8019,Ozi1_10,4.0,"RIHGA Royal Hotel Hiroshima, Hiroshima, Japon"
8020,Ozi1_10,4.0,"Ekoin Temple, Koyasan, Koya-cho, Japon"
8021,Ozi1_10,4.0,"Hotel Nikko Princess Kyoto, Kyoto, Japon"
8057,neimanmarxist,5.0,"The St. Regis Osaka, Chuo, Japon"
8064,neimanmarxist,5.0,"Hilton Tokyo, Nishishinjuku, Japon"
8117,CaseyandSue,4.0,"Shinjuku Prince Hotel, Kabukicho, Japon"
8118,CaseyandSue,5.0,"Hotel Granvia Hiroshima, Hiroshima, Japon"
8119,CaseyandSue,5.0,"HOTEL MYSTAYS Sapporo Aspen, Sapporo, Japon"
8120,CaseyandSue,5.0,"Kushiro Century Castle Hotel, Kushiro, Japon"
8121,CaseyandSue,5.0,"Hotel Nikko Kansai Airport, Izumisano, Japon"
8124,MBTravelMommy,5.0,"Park Hyatt Tokyo, Nishishinjuku, Japon"
8197,kkets,5.0,"Fujiya Hotel, Hakone-machi, Japon"
8198,kkets,5.0,"Sheraton Grand Hiroshima Hotel, Hiroshima, Japon"
8199,kkets,4.0,"Remm Shin Osaka, Osaka, Japon"
8212,hapahaolegirl,4.0,"Keio Plaza Hotel Tokyo, Nishishinjuku, Japon"
8215,Etonian8,5.0,"Club Med Sahoro - Hokkaido, Shintoku-cho, Japon"
8216,Etonian8,4.0,"Sapporo View Hotel Odori Koen, Sapporo, Japon"
8228,Morpheus20,5.0,"Hakuba Resort Hotel La Neige Higashikan, Hakuba-mura, Japon"
8267,gn95,4.0,"Shinjuku Granbell Hotel, Kabukicho, Japon"
8290,jaomd,4.0,"Hilton Tokyo, Nishishinjuku, Japon"
8299,Pooky_TH,5.0,"Oka no Yado Shiki, Biei-cho, Japon"
8300,Pooky_TH,4.0,"La Jolie Motomachi by WBF, Hakodaté, Japon"
8301,Pooky_TH,3.0,"Richmond Hotel Sapporo Ekimae, Sapporo, Japon"
8302,Pooky_TH,5.0,"Hotel Monterey Sapporo, Sapporo, Japon"
8319,Gfehren,4.0,"ANA InterContinental Tokyo, Akasaka, Japon"
8320,Gfehren,4.0,"Hotel Terrace The Garden Mito, Mito, Japon"
8321,Gfehren,4.0,"Hotel Associa Toyohashi, Toyohashi, Japon"
8343,Fredlm75020,5.0,"Cross Hotel Kyoto, Kyoto, Japon"
8344,Fredlm75020,4.0,"Keio Plaza Hotel Tokyo, Nishishinjuku, Japon"
8379,XiafeiC,5.0,"Swissotel Nankai Osaka, Namba, Japon"
8405,TheSmartraveler,5.0,"Park Hyatt Tokyo, Nishishinjuku, Japon"
8406,TheSmartraveler,1.0,"Toba Hotel International, Toba, Japon"
8407,TheSmartraveler,4.0,"Hyatt Regency Osaka, Osaka, Japon"
8435,BeeLittle,5.0,"The Ritz-Carlton, Kyoto, Kyoto, Japon"
8436,BeeLittle,3.0,"Hoshino Resorts Aomoriya, Misawa, Japon"
8437,BeeLittle,5.0,"Yusen Shidate, Hanamaki, Japon"
8443,BeeLittle,4.0,"The Royal Park Hotel Iconic Tokyo Shiodome, Minato, Japon"
8448,andrewtC7769MU,5.0,"Mr.Kinjo Miyako Island, Miyakojima, Japon"
8462,XP-Traveler,5.0,"The Royal Park Hotel Iconic Tokyo Shiodome, Minato, Japon"
8475,Flyer099,5.0,"Tobira Onsen Myojinkan, Matsumoto, Japon"
8477,Flyer099,4.0,"Hilton Tokyo, Nishishinjuku, Japon"
8562,BurtonBloke,4.0,"ANA InterContinental Tokyo, Akasaka, Japon"
8585,PourPaul,5.0,"Mandarin Oriental, Tokyo, Chuo, Japon"
8603,PourPaul,4.0,"Shinagawa Prince Hotel, Takanawa, Japon"
8608,PourPaul,1.0,"Park Hyatt Tokyo, Nishishinjuku, Japon"
8625,cfreedma,5.0,"Hamacho Hotel Tokyo, Chuo, Japon"
8638,cfreedma,4.0,"Keikyu EX Hotel Shinagawa, Takanawa, Japon"
8664,576sandram,4.0,"Mercure Tokyo Ginza, Ginza, Japon"
8679,cjmike2016,4.0,"Sendai Washington Hotel, Sendai, Japon"
8680,cjmike2016,5.0,"Iwanumaya, Sendai, Japon"
8681,cjmike2016,5.0,"Yuya Ruru Saisai, Kanazawa, Japon"
8709,kenchu75009,4.0,"Cross Hotel Sapporo, Sapporo, Japon"
8716,kenchu75009,4.0,"The Strings by InterContinental Tokyo, Minato, Japon"
8717,kenchu75009,4.0,"Midagahara Hotel, Tateyama-machi, Japon"
8730,PeeweeL,4.0,"Hotel Sunroute Plaza Shinjuku, Yoyogi, Japon"
8733,TSW42,4.0,"Hilton Osaka, Osaka, Japon"
8734,TSW42,4.0,"Daiwa Roynet Hotel Kyoto Ekimae, Kyoto, Japon"
8736,TSW42,5.0,"Chalet Ivy Hirafu, Kutchan-cho, Japon"
8737,TSW42,5.0,"Sekitaitei Ishida, Achi-mura, Japon"
8738,TSW42,4.0,"Conrad Tokyo, Minato, Japon"
8739,TSW42,4.0,"Daiwa Roynet Hotel Nagoya Taikodoriguchi, Nagoya, Japon"
8751,colin_matthew,3.0,"Hilton Tokyo, Nishishinjuku, Japon"
8770,hangie88,4.0,"Hotel Century Southern Tower, Yoyogi, Japon"
8776,batutay,5.0,"Citadines Central Shinjuku Tokyo, Kabukicho, Japon"
8862,Snow_1080,4.0,"Shinagawa Prince Hotel, Takanawa, Japon"
8878,TheWorldTravelerDUS,4.0,"The Westin Tokyo, Meguro, Japon"
8879,TheWorldTravelerDUS,4.0,"Sheraton Grand Hiroshima Hotel, Hiroshima, Japon"
8880,TheWorldTravelerDUS,4.0,"The St. Regis Osaka, Chuo, Japon"
8917,MB_Rehovot,4.0,"Nikko Senhime Monogatari, Nikko, Japon"
8918,MB_Rehovot,5.0,"Park Hotel Tokyo, Minato, Japon"
8949,Saints_B,5.0,"Park Hyatt Tokyo, Nishishinjuku, Japon"
9044,Marcopolworld,5.0,"Park Hyatt Tokyo, Nishishinjuku, Japon"
9048,mvuy,5.0,"Yufuin Lamp no Yado, Yufu, Japon"
9064,mvuy,5.0,"Tobu Hotel Levant Tokyo, Sumida, Japon"
9137,JapanCustomTours,4.0,"The Celecton Fukushima, Fukushima, Japon"
9138,JapanCustomTours,4.0,"Hotel Metropolitan Edmont Tokyo, Chiyoda, Japon"
9139,JapanCustomTours,4.0,"Yumoto Fujiya Hotel, Hakone-machi, Japon"
9140,JapanCustomTours,4.0,"Richmond Hotel Premier Asakusa International, Asakusa, Japon"
9141,JapanCustomTours,3.0,"Nippon Seinenkan Hotel, Shinjuku, Japon"
9142,JapanCustomTours,3.0,"Best Western Hotel Takayama, Takayama, Japon"
9143,JapanCustomTours,5.0,"Toba Hotel International, Toba, Japon"
9144,JapanCustomTours,5.0,"Hotel Century Southern Tower, Yoyogi, Japon"
9145,JapanCustomTours,2.0,"The Westin Tokyo, Meguro, Japon"
9152,PourPaul,5.0,"Mandarin Oriental, Tokyo, Chuo, Japon"
9181,livefreeange,5.0,"Hilton Tokyo, Nishishinjuku, Japon"
9182,livefreeange,5.0,"Hotel New Otani Tokyo EXECUTIVE HOUSE ZEN, Chiyoda, Japon"
9202,ginobobo,4.0,"AoAwo Naruto Resort, Naruto, Japon"
9205,wandererc2014,4.0,"Hotel Metropolitan Saitama-Shintoshin, Saitama, Japon"
9206,wandererc2014,4.0,"Sotetsu Grand Fresa Osaka-Namba, Nippombashi, Japon"
9207,wandererc2014,4.0,"Mitsui Garden Hotel Okayama, Okayama, Japon"
9209,wandererc2014,4.0,"Hotel East 21 Tokyo, Koto, Japon"
9210,wandererc2014,2.0,"Hotel Century Southern Tower, Yoyogi, Japon"
9211,wandererc2014,4.0,"ibis Tokyo Shinjuku, Nishishinjuku, Japon"
9212,wandererc2014,4.0,"Osaka Marriott Miyako Hotel, Osaka, Japon"
9225,Yichingchen,4.0,"Hotel JAL City Aomori, Aomori, Japon"
9227,Yichingchen,5.0,"La Vista Hakodate Bay, Hakodaté, Japon"
9228,Yichingchen,4.0,"Sheraton Okinawa Sunmarina Resort, Onna-son, Japon"
9229,Yichingchen,5.0,"Naha Tokyu REI Hotel, Naha, Japon"
9234,CBbear,4.0,"Citadines Central Shinjuku Tokyo, Kabukicho, Japon"
9238,familytrip36,4.0,"Hotel Century Southern Tower, Yoyogi, Japon"
9294,Siera1408,4.0,"Marunouchi Hotel, Marunouchi, Japon"
9295,Siera1408,4.0,"Millennium Mitsui Garden Hotel Tokyo, Ginza, Japon"
9301,Siera1408,5.0,"Shangri-La Hotel, Tokyo, Marunouchi, Japon"
9302,Siera1408,4.0,"Yumoto Niseko Prince Hotel Hirafutei, Kutchan-cho, Japon"
9306,Siera1408,4.0,"The Freshwater, Kutchan-cho, Japon"
9312,GoTravelLife,5.0,"Conrad Tokyo, Minato, Japon"
9326,pepperchip,4.0,"The Lively Honmachi Osaka, Chuo, Japon"
9334,601stevee,4.0,"Grand Hyatt Tokyo, Roppongi, Japon"
9408,TheCanadianNavigator,5.0,"Park Hyatt Tokyo, Nishishinjuku, Japon"
9446,neimanmarxist,5.0,"The St. Regis Osaka, Chuo, Japon"
9533,tinkikuttih,5.0,"Hotel Associa Takayama Resort, Takayama, Japon"
9534,tinkikuttih,5.0,"Hyatt Regency Tokyo, Nishishinjuku, Japon"
9561,neilpha,5.0,"Hotel Century Southern Tower, Yoyogi, Japon"
9585,robertnZ7491RY,5.0,"Grand Hyatt Tokyo, Roppongi, Japon"
9590,wynsum,5.0,"Jr Hotel Clement Takamatsu, Takamatsu, Japon"
9591,wynsum,5.0,"Washu Blue Resort Kasago, Kurashiki, Japon"
9592,wynsum,5.0,"Hotel Okura Kobe, Kobé, Japon"
9593,wynsum,5.0,"Hanagoyomi, Awaji-shima, Japon"
9594,wynsum,5.0,"La Krasse Angelroad, Shodo-shima, Japon"
9595,wynsum,5.0,"Daiwa Roynet Hotel Himeji, Himeji, Japon"
9616,Mrcrossiant,3.0,"The Royal Park Hotel Iconic Tokyo Shiodome, Minato, Japon"
9617,Mrcrossiant,4.0,"Hotel New Otani Garden Tower, Chiyoda, Japon"
9618,Mrcrossiant,4.0,"Sheraton Okinawa Sunmarina Resort, Onna-son, Japon"
9655,harbourchan,5.0,"Hyatt Regency Naha, Okinawa, Naha, Japon"
9668,GERRYD318,4.0,"Hotel Century Southern Tower, Yoyogi, Japon"
9671,Globetrotteuz77,4.0,"Hotel Century Southern Tower, Yoyogi, Japon"
9735,TheWorldTravelerDUS,4.0,"The Westin Tokyo, Meguro, Japon"
9736,TheWorldTravelerDUS,4.0,"Sheraton Grand Hiroshima Hotel, Hiroshima, Japon"
9737,TheWorldTravelerDUS,4.0,"The St. Regis Osaka, Chuo, Japon"
9764,FenFen,4.0,"Hotel Sunroute Plaza Shinjuku, Yoyogi, Japon"
9799,rkantor,5.0,"Benesse House, Naoshima, Japon"
9800,rkantor,5.0,"Noku Kyoto, Kyoto, Japon"
9839,LukeUK_12,5.0,"Hotel Sunroute New Sapporo, Sapporo, Japon"
9841,LukeUK_12,5.0,"Hotel Sunroute Plaza Shinjuku, Yoyogi, Japon"
9842,LukeUK_12,4.0,"Asakusa Central Hotel, Asakusa, Japon"
9843,LukeUK_12,5.0,"Nishitetsu Inn Nihombashi, Chuo, Japon"
9876,Vindav,5.0,"ANA InterContinental Tokyo, Akasaka, Japon"
9877,Vindav,5.0,"The Ritz-Carlton, Kyoto, Kyoto, Japon"
9902,IGHotelsReview,5.0,"Hyatt Centric Ginza Tokyo, Ginza, Japon"
9904,IGHotelsReview,5.0,"The Strings by InterContinental Tokyo, Minato, Japon"
9938,baileychow,5.0,"Swissotel Nankai Osaka, Namba, Japon"
9939,baileychow,4.0,"Mercure Tokyo Ginza, Ginza, Japon"
9944,baileychow,4.0,"Dai-ichi Hotel Tokyo, Shimbashi, Japon"
9968,pcoolguy,5.0,"The Westin Tokyo, Meguro, Japon"
9971,DAVE_and_ADRIENNE,5.0,"Courtyard by Marriott Shin-Osaka Station, Osaka, Japon"
9972,DAVE_and_ADRIENNE,5.0,"Hotel Ichii, Kusatsu-machi, Japon"
9973,DAVE_and_ADRIENNE,4.0,"Hotel Grobal View Niigata, Niigata, Japon"
9974,DAVE_and_ADRIENNE,5.0,"Hotel Metropolitan Akita, Akita, Japon"
9975,DAVE_and_ADRIENNE,4.0,"Shingu Central Hotel, Shingu, Japon"
9976,DAVE_and_ADRIENNE,5.0,"Sheraton Grande Tokyo Bay Hotel, Maihama, Japon"
9981,463fredc,5.0,"RIHGA Royal Hotel Kokura, Kitakyushu, Japon"
9999,akiraoz,5.0,"Park Hyatt Tokyo, Nishishinjuku, Japon"
10045,VickyA985,3.0,"Hotel Monterey Ginza, Ginza, Japon"
10046,VickyA985,3.0,"Laforet Club Hakone Gora Yu no Sumika, Hakone-machi, Japon"
10063,EMcCScotland,4.0,"Hotel Sunroute Plaza Shinjuku, Yoyogi, Japon"
10064,EMcCScotland,4.0,"Citadines Karasuma-Gojo Kyoto, Kyoto, Japon"
10086,MsWendyG,5.0,"Hilton Tokyo, Nishishinjuku, Japon"
10088,MsWendyG,4.0,"Citadines Karasuma-Gojo Kyoto, Kyoto, Japon"
10089,MsWendyG,3.0,"Courtyard by Marriott Shin-Osaka Station, Osaka, Japon"
10090,MsWendyG,4.0,"Hotel Century Southern Tower, Yoyogi, Japon"
10116,OlegS828,3.0,"Hotel Crescent Asahikawa, Asahikawa, Japon"
10117,OlegS828,4.0,"Best Western Sapporo Odori Koen, Sapporo, Japon"
10123,OlegS828,5.0,"APA Hotel Keisei Narita Ekimae, Narita, Japon"
10124,OlegS828,5.0,"Mitsui Annex, Yonago, Japon"
10153,Seohyun,4.0,"Park Hotel Tokyo, Minato, Japon"
10202,conscom,4.0,"Mitsui Garden Hotel Ueno, Taito, Japon"
10203,conscom,4.0,"Mitsui Garden Hotel Kashiwa-no-ha, Kashiwa, Japon"
10204,conscom,3.0,"Hotel Dormy Inn Akihabara, Chiyoda, Japon"
10205,conscom,4.0,"Remm Akihabara, Chiyoda, Japon"
10206,conscom,5.0,"HOTEL MYSTAYS PREMIER Narita, Narita, Japon"
10207,conscom,5.0,"Hotel New Otani Tokyo The Main, Chiyoda, Japon"
10217,Annie0608,5.0,"Courtyard by Marriott Shin-Osaka Station, Osaka, Japon"
10219,Annie0608,5.0,"Shinagawa Prince Hotel, Takanawa, Japon"
10230,PadresDiego,5.0,"Park Hotel Tokyo, Minato, Japon"
10274,omsab,5.0,"Mercure Tokyo Ginza, Ginza, Japon"
10275,omsab,4.0,"Holiday Inn Osaka Namba, Chuo, Japon"
10276,papachongo74,4.0,"Hotel Kyoto Eminence, Kyoto, Japon"
10277,papachongo74,4.0,"Dormy Inn Wakkanai, Wakkanai, Japon"
10278,papachongo74,4.0,"Estinate Hotel, Naha, Japon"
10280,papachongo74,3.0,"Toyoko Inn Kofu-eki Minami-guchi No.1, Kofu, Japon"
10281,papachongo74,4.0,"Pension Lavender, Furano, Japon"
10282,papachongo74,4.0,"Hotel Relief Sapporo Susukino, Sapporo, Japon"
10283,papachongo74,3.0,"Sendai Kokusai Hotel, Sendai, Japon"
10284,papachongo74,4.0,"Richmond Hotel Utsunomiya Ekimae, Utsunomiya, Japon"
10285,papachongo74,3.0,"Kurayoshi City Hotel, Kurayoshi, Japon"
10286,papachongo74,4.0,"Hotel Bellmare, Maizuru, Japon"
10287,papachongo74,3.0,"Hotel New Station, Matsumoto, Japon"
10288,papachongo74,1.0,"Hotel Nagano Avenue, Nagano, Japon"
10289,papachongo74,3.0,"Hotel Tetora, Hakodaté, Japon"
10290,papachongo74,3.0,"Super Hotel Yamagataeki Nishiguchi Hot Spring, Yamagata, Japon"
10291,papachongo74,4.0,"Hotel Elcient Kyoto, Kyoto, Japon"
10292,papachongo74,3.0,"Hotel Piazza Biwako, Otsu, Japon"
10305,yrtx4e,4.0,"Osaka Marriott Miyako Hotel, Osaka, Japon"
10306,yrtx4e,4.0,"Nanki-Shirahama Marriott Hotel, Shirahama-cho, Japon"
10395,mnn17,4.0,"ibis Tokyo Shinjuku, Nishishinjuku, Japon"
10396,311louisea,5.0,"Miru Niseko, Kutchan-cho, Japon"
10410,A5738WRfrankb,4.0,"Jinya, Hadano, Japon"
10411,A5738WRfrankb,4.0,"Hilton Tokyo, Nishishinjuku, Japon"
10425,Carrie_travelaround,5.0,"The Strings by InterContinental Tokyo, Minato, Japon"
10449,Pedritocalheiros,4.0,"Sheraton Miyako Hotel Tokyo, Shirokanedai, Japon"
10450,Pedritocalheiros,3.0,"ANA Crowne Plaza Osaka, Osaka, Japon"
10534,akiraoz,5.0,"Park Hyatt Tokyo, Nishishinjuku, Japon"
10583,KJPaperpusher,5.0,"La Vista Hakodate Bay, Hakodaté, Japon"
10584,KJPaperpusher,5.0,"Richmond Hotel Aomori, Aomori, Japon"
10585,KJPaperpusher,4.0,"The Westin Sendai, Sendai, Japon"
10586,KJPaperpusher,4.0,"Hotel Metropolitan Yamagata, Yamagata, Japon"
10587,KJPaperpusher,4.0,"Richmond Hotel Fukushimaekimae, Fukushima, Japon"
10588,KJPaperpusher,5.0,"Shangri-La Hotel, Tokyo, Marunouchi, Japon"
10610,madbirdy,4.0,"Dormy Inn Sendai Annex, Sendai, Japon"
10611,madbirdy,4.0,"Yuzukushi Salon ICHINOBO, Sendai, Japon"
10612,madbirdy,3.0,"Toyoko Inn Aomori-eki Shomen-guchi, Aomori, Japon"
10613,madbirdy,4.0,"APA Hotel Honhachinohe, Hachinohe, Japon"
10614,madbirdy,5.0,"Ogaonsen Yuinoyado Bettei Tsubaki, Oga, Japon"
10615,madbirdy,5.0,"Hotel Dormy Inn Akita, Akita, Japon"
10630,FoodieMookie,5.0,"Park Hyatt Tokyo, Nishishinjuku, Japon"
10691,Kilen518,4.0,"Hotel Monterey Grasmere Osaka, Osaka, Japon"
10694,abellic,4.0,"Pullman Tokyo Tamachi, Minato, Japon"
10710,abellic,4.0,"Imperial Hotel Tokyo, Chiyoda, Japon"
10735,kspace,4.0,"Seaside Hotel Taimaru Kaigetsu, Naruto, Japon"
10736,kspace,5.0,"Candeo Hotels Hiroshima Hatchobori, Hiroshima, Japon"
10737,kspace,4.0,"Daiwa Roynet Hotel Matsuyama, Matsuyama, Japon"
10738,kspace,4.0,"Hotel Nikko Kansai Airport, Izumisano, Japon"
10805,wow77,4.0,"Hotel Sunroute Plaza Shinjuku, Yoyogi, Japon"
10807,wow77,3.0,"City Plaza Osaka, Chuo, Japon"
10808,wow77,4.0,"Mercure Sapporo, Sapporo, Japon"
10809,wow77,4.0,"Dormy Inn Premium Otaru, Otaru, Japon"
10810,wow77,5.0,"The Lake View Toya Nonokaze Resort, Toyako-cho, Japon"
10814,PhGP,5.0,"Park Hyatt Tokyo, Nishishinjuku, Japon"
10884,shlomit100,4.0,"Hotel Associa Shin-Yokohama, Yokohama, Japon"
10885,shlomit100,3.0,"Fairfield By Marriott Gifu Seiryu Satoyama Park, Minokamo, Japon"
10886,shlomit100,5.0,"Natural Hot Springs Toyama Tsurugi no Yu Onyado Nono, Toyama, Japon"
10913,WorldRaycationer,5.0,"Park Hyatt Tokyo, Nishishinjuku, Japon"
10915,mdm1972,4.0,"Oiso Prince Hotel, Oiso-machi, Japon"
10922,JoshChui,4.0,"AB Hotel Kyoto Shijo Horikawa, Kyoto, Japon"
11030,489olam,4.0,"Hyatt Regency Tokyo, Nishishinjuku, Japon"
11031,489olam,5.0,"Grand Hyatt Tokyo, Roppongi, Japon"
11032,489olam,5.0,"Park Hyatt Tokyo, Nishishinjuku, Japon"
11033,489olam,4.0,"The Westin Rusutsu Resort, Rusutsu-mura, Japon"
11040,AndyHayler,5.0,"Grand Hyatt Tokyo, Roppongi, Japon"
11097,Davies72,4.0,"The Tokyo Station Hotel, Marunouchi, Japon"
11098,Davies72,4.0,"Hotel Sunroute Plaza Shinjuku, Yoyogi, Japon"
11099,Davies72,4.0,"Hotel Nikko Kanazawa, Kanazawa, Japon"
11100,Davies72,4.0,"Hotel Granvia Kyoto, Kyoto, Japon"
11107,ChristopheBX,5.0,"Onomichi U2, Onomichi, Japon"
11108,ChristopheBX,3.0,"Hakata Green Hotel No.1, Hakata, Japon"
11109,ChristopheBX,3.0,"Yakushima Green Hotel, Yakushima-cho, Japon"
11110,ChristopheBX,4.0,"Kagoshima Sun Royal Hotel, Kagoshima, Japon"
11111,ChristopheBX,4.0,"Hotel Sky Tower Miyazaki Ekimae, Miyazaki, Japon"
11112,ChristopheBX,5.0,"JR Kyushu Hotel Blossom Hakata Chuo, Hakataekimae, Japon"
11134,Always5Star,5.0,"Park Hyatt Tokyo, Nishishinjuku, Japon"
11168,taketomono,5.0,"Century Marina Hakodate, Hakodaté, Japon"
11183,Gemini6_tadvisor,4.0,"ANA Crowne Plaza Hotel Kanazawa, Kanazawa, Japon"
11190,Gemini6_tadvisor,5.0,"Conrad Osaka, Osaka, Japon"
11207,nycbee,4.0,"Remm Tokyo Kyobashi, Chuo, Japon"
11209,nycbee,2.0,"Pioland Hotel, Saitama, Japon"
11212,nycbee,2.0,"HOTEL MYSTAYS PREMIER Narita, Narita, Japon"
11213,nycbee,5.0,"Hotel Vista Hiroshima, Hiroshima, Japon"
11232,harbourchan,5.0,"Hyatt Regency Naha, Okinawa, Naha, Japon"
11235,Al-Net-Olo,3.0,"Mitsui Garden Hotel Shiodome Italia-gai, Minato, Japon"
11238,Al-Net-Olo,5.0,"Hilton Osaka, Osaka, Japon"
11239,Al-Net-Olo,3.0,"Tokyo Prince Hotel, Shibakoen, Japon"
11240,Al-Net-Olo,5.0,"Hotel Chinzanso Tokyo, Bunkyo, Japon"
11243,Al-Net-Olo,5.0,"Imperial Hotel Tokyo, Chiyoda, Japon"
11267,Noom-Noom,5.0,"Hotel Vista Sendai, Sendai, Japon"
11269,Noom-Noom,3.0,"Hotel Crown Palais Kobe, Kobé, Japon"
11270,Noom-Noom,4.0,"Tokyo Prince Hotel, Shibakoen, Japon"
11277,CBbear,4.0,"Citadines Central Shinjuku Tokyo, Kabukicho, Japon"
11281,familytrip36,4.0,"Hotel Century Southern Tower, Yoyogi, Japon"
11340,love2gonow,5.0,"Mercure Sapporo, Sapporo, Japon"
11347,lovetotravel_rls,5.0,"Ryukeien, Minamioguni-machi, Japon"
11348,lovetotravel_rls,5.0,"Montan Hakata, Hakata, Japon"
11353,lovetotravel_rls,4.0,"Citadines Shinjuku Tokyo, Shinjuku, Japon"
11354,lovetotravel_rls,5.0,"Hodakaso Yamanoiori, Takayama, Japon"
11373,arevan_1,4.0,"Shiba Park Hotel, Shibakoen, Japon"
11374,arevan_1,4.0,"Honjin Hiranoya Bekkan, Takayama, Japon"
11375,arevan_1,5.0,"Hotel Nikko Kanazawa, Kanazawa, Japon"
11376,arevan_1,4.0,"Kyoto Century Hotel, Kyoto, Japon"
11442,TudorTravels,5.0,"Tokyo Disneyland Hotel, Maihama, Japon"
11482,falconut,4.0,"Hotel Sunroute Plaza Shinjuku, Yoyogi, Japon"
11501,9357MarkY,4.0,"Hotel Sunroute Plaza Shinjuku, Yoyogi, Japon"
11502,9357MarkY,4.0,"Hotel New Century, Fujikawaguchiko-machi, Japon"
11503,9357MarkY,4.0,"Tensui Saryo, Hakone-machi, Japon"
11511,489olam,4.0,"Hyatt Regency Tokyo, Nishishinjuku, Japon"
11512,489olam,5.0,"Grand Hyatt Tokyo, Roppongi, Japon"
11513,489olam,5.0,"Park Hyatt Tokyo, Nishishinjuku, Japon"
11514,489olam,4.0,"The Westin Rusutsu Resort, Rusutsu-mura, Japon"
11567,PO2002,5.0,"Conrad Tokyo, Minato, Japon"
11568,PO2002,3.0,"Hilton Tokyo Narita Airport Hotel, Narita, Japon"
11626,brucew969,2.0,"Furano Natulux Hotel, Furano, Japon"
11628,brucew969,5.0,"Mitsui Garden Hotel Osaka Premier, Osaka, Japon"
11629,brucew969,4.0,"Hotel Grand Bach Kyoto Select, Kyoto, Japon"
11630,brucew969,5.0,"Park Hotel Tokyo, Minato, Japon"
11631,brucew969,5.0,"Park Hotel Tokyo, Minato, Japon"
11671,Sarah53187,2.0,"Sarasa Hotel Namba, Osaka, Japon"
11715,iledespins,4.0,"Hilton Tokyo, Nishishinjuku, Japon"
11739,LevAgus,4.0,"Shibuya Tobu Hotel, Shibuya, Japon"
11740,LevAgus,4.0,"Palace Hotel Omiya, Saitama, Japon"
11741,LevAgus,5.0,"ANA Crowne Plaza Narita, Narita, Japon"
11742,LevAgus,5.0,"Seaside Villa Bokkai, Shika-machi, Japon"
11743,LevAgus,5.0,"Mitsui Garden Hotel Ueno, Taito, Japon"
11744,E8287BCjohnd,5.0,"Hotel Nikko Niigata, Niigata, Japon"
11745,E8287BCjohnd,5.0,"JR Tower Hotel Nikko Sapporo, Sapporo, Japon"
11746,E8287BCjohnd,4.0,"Midori no Kaze Resort Kitayuzawa, Date, Japon"
11758,JuhaUitto,5.0,"Hotel Intergate Tokyo Kyobashi, Chuo, Japon"
11759,JuhaUitto,4.0,"Hotel Metropolitan Sendai, Sendai, Japon"
11764,JapanPhotoGuide,4.0,"Hotel The Celestine Tokyo Shiba, Minato, Japon"
11765,JapanPhotoGuide,5.0,"Kurayado Iroha, Hatsukaichi, Japon"
11766,JapanPhotoGuide,5.0,"ANA Crowne Plaza Okayama, Okayama, Japon"
11767,JapanPhotoGuide,4.0,"Hyatt Regency Tokyo, Nishishinjuku, Japon"
11768,JapanPhotoGuide,5.0,"Hotel Trusty Kanazawa Korinbou, Kanazawa, Japon"
11769,JapanPhotoGuide,5.0,"Andaz Tokyo Toranomon Hills, Toranomon, Japon"
11770,JapanPhotoGuide,4.0,"The Strings by InterContinental Tokyo, Minato, Japon"
11771,JapanPhotoGuide,3.0,"Musashi, Shirahama-cho, Japon"
11772,JapanPhotoGuide,4.0,"Hotel & Resorts WAKAYAMA-KUSHIMOTO, Kushimoto-cho, Japon"
11773,JapanPhotoGuide,4.0,"Hotel MyStays Kyoto Shijo, Kyoto, Japon"
11774,JapanPhotoGuide,4.0,"Kitakobushi Shiretoko Hotel & Resort, Shari-cho, Japon"
11775,JapanPhotoGuide,3.0,"Sounkyo Choyotei, Kamikawa-cho, Japon"
11776,JapanPhotoGuide,4.0,"Yumiharinooka Hotel, Sasebo, Japon"
11777,JapanPhotoGuide,4.0,"Hotel & Resorts SAGA-KARATSU, Karatsu, Japon"
11778,JapanPhotoGuide,4.0,"Hotel JAL City Haneda Tokyo, Ota, Japon"
11872,raura,5.0,"Hotel Goryukan, Hakuba-mura, Japon"
11876,travellinallover,4.0,"Sotetsu Fresa Inn Nagoya-Sakuradoriguchi, Nagoya, Japon"
11877,travellinallover,4.0,"Sotetsu Grand Fresa Tokyo-Bay Ariake, Ariake, Japon"
11940,801ChrisJ,4.0,"Millennium Mitsui Garden Hotel Tokyo, Ginza, Japon"
11942,801ChrisJ,4.0,"Mercure Tokyo Ginza, Ginza, Japon"
11960,P4INTKILLR,4.0,"Courtyard by Marriott Shin-Osaka Station, Osaka, Japon"
11961,P4INTKILLR,4.0,"karaksa hotel TOKYO STATION, Yaesu, Japon"
11962,P4INTKILLR,5.0,"Hotel Niwa Tokyo, Chiyoda, Japon"
11963,P4INTKILLR,4.0,"Laforet Club Hakone Gora Yu no Sumika, Hakone-machi, Japon"
11964,P4INTKILLR,3.0,"Yaesu Terminal, Yaesu, Japon"
12018,wanderfulife,4.0,"Hotel Sunroute Plaza Shinjuku, Yoyogi, Japon"
12019,wanderfulife,5.0,"Hotel Trusty Kanazawa Korinbou, Kanazawa, Japon"
12020,wanderfulife,4.0,"Kyomachiya Ryokan Sakura Urushitei, Kyoto, Japon"
12022,PhGP,5.0,"Park Hyatt Tokyo, Nishishinjuku, Japon"
12121,HapiTraveller62,5.0,"The Centurion Hotel Classic Akasaka, Akasaka, Japon"
12163,benlimisella,4.0,"Citadines Shinjuku Tokyo, Shinjuku, Japon"
12166,benlimisella,5.0,"Kinnotake Sengokuhara, Hakone-machi, Japon"
12167,benlimisella,5.0,"Yuzuya Ryokan, Kyoto, Japon"
12168,benlimisella,4.0,"Shibuya Granbell hotel, Shibuya, Japon"
12182,NixterPerth,5.0,"Myoko Mountain Lodge, Myoko, Japon"
12192,foryouforme,4.0,"Toki Yuyu Rakuyu, Fujikawaguchiko-machi, Japon"
12193,foryouforme,5.0,"Mercure Tokyo Ginza, Ginza, Japon"
